31-01-2022 15:51,b'100 percent first dose vaccination achieved by @UPGovt today\n\n#COVID19 #COVID #Covid_19 #MaskUp #Masks https://t.co/yOSOvcDmQi',b'rmulko',"b'Lucknow, India'"
31-01-2022 15:50,"b'@Yveerangnayen Good health is not something we can buy. However, it can be an extremely valuable savings account.\xe2\x80\xa6 https://t.co/IP4wsSCkm4'",b'SahareYashu',"b'Nagpur, India'"
31-01-2022 15:44,"b'@Yveerangnayen @NITIAayog To\xc2\xa0insure\xc2\xa0good health: Eat lightly, breathe deeply, live moderately, exercise, cultivate\xe2\x80\xa6 https://t.co/eUYby5o36O'",b'SahareYashu',"b'Nagpur, India'"
31-01-2022 15:31,"b'#COVID19 update. In UP, 6626 new cases and 18 new deaths reported. Lucknow reported 980 cases, Jhansi 629, Noida 35\xe2\x80\xa6 https://t.co/CLYasBUvQW'",b'rmulko',"b'Lucknow, India'"
31-01-2022 15:24,b'\xf0\x9f\x9a\xa8#Myth: #COVID19 vaccine causes variants.\n\n\xf0\x9f\x91\x89 Focus on the Fact: COVID-19 vaccine does not create or cause variants\xe2\x80\xa6 https://t.co/dAemZLmz9G',b'NITIAayog',"b'New Delhi, India'"
31-01-2022 14:47,"b'@Yveerangnayen @NITIAayog You are regularly spreading awareness,weldone.#Corona \n#YouthVeerangnayen\xe2\x80\xa6 https://t.co/kXLABCfy71'",b'AshaJaspal4',"b'Panchkula, India'"
31-01-2022 14:44,b'Status of Covid-19 cases 31.01.2022 in #Madurai Corporation Areas.\n#COVID19 #MaskUp #MaduraiCity https://t.co/JQ6RGMmWFd',b'city_madurai',"b'Madurai, TamilNadu, India'"
31-01-2022 14:42,b'@Yveerangnayen Truely yveerangnayen doing best service.#Covid\n#YouthVeerangnayen\n#masks\n#NITIAayog \n#MaskUpIndia\xe2\x80\xa6 https://t.co/vFK9QiHscG',b'AshaJaspal4',"b'Panchkula, India'"
31-01-2022 14:41,"b'With the holy inspiration of Saint Dr Gurmeet Ram Rahim Singh Ji Insan, Roma Insan, a #DeraSachaSauda volunteer fro\xe2\x80\xa6 https://t.co/dpXRVSLvtO'",b'OfficialMSGfc',"b'Mumbai, Maharashtra, India'"
31-01-2022 14:37,b'@Yveerangnayen #Covid\n#YouthVeerangnayen\n#masks\n#NITIAayog \n#MaskUpIndia\n#MaskUp\n#COVIDAppropriateBehaviour\xe2\x80\xa6 https://t.co/4p7sdcFo4i',b'AnjaliR81849784',"b'Punjab, India'"
31-01-2022 14:25,b'@Yveerangnayen @NITIAayog Great work!\n#AwarenessCampaigns \n#COVIDAppropriateBehaviour \n#COVID\n#MaskUp\n#MaskUpIndia',b'Sanjana87996306',"b'Shahjahanpur, India'"
31-01-2022 14:23,b'Order of WB Govt \n#SchoolReopen #collegereopen  #covidprotocols #maskup #socialdistanceing https://t.co/iG6J7n9dww',b'Suvendudaskol',b'Kolkata India '
31-01-2022 14:23,b'@DSSNewsUpdates @Gurmeetramrahim Mask distribution is going on with full enthusiasm by DSS volunteers so that every\xe2\x80\xa6 https://t.co/Mg6oWshfDt',b'HarmeetToor9',"b'Punjab, India'"
31-01-2022 13:57,"b'@Yveerangnayen Yes, do follow the guidelines to stop spreading of #Covid \n#YouthVeerangnayen are spreading awarenes\xe2\x80\xa6 https://t.co/KvCLoW0dgC'",b'Krati18323216',"b' Nangloi, New Delhi, India'"
31-01-2022 13:43,b'@Yveerangnayen @NITIAayog Such a Great Work \xf0\x9f\x91\x8c\n#AwarenessCampaigns \n#COVIDAppropriateBehaviour \n#COVID\n#MaskUp\n#MaskUpIndia',b'BhavyaThakur234',"b'New Delhi, India'"
31-01-2022 13:32,b'so we all understand this virus ain\xe2\x80\x99t ever going away right?\n\xf0\x9f\x98\xa1\n\n#MaskUp',b'haseenmmahim',"b'New Delhi, India'"
31-01-2022 13:21,b'#IndiaFightsCorona #Rajasthan\n31st Jan 22 #COVID19 6pm Bulletin\n\nPlz Keep #MaskUp\xf0\x9f\x98\xb7 &amp; #StaySafe\n\n6369 Positive Cases\xe2\x80\xa6 https://t.co/2BMvhewmju',b'ritendra4u',"b'Jaipur, India'"
31-01-2022 13:20,b'@Yveerangnayen #Covid\n#YouthVeerangnayen\n#masks\n#NITIAayog \n#MaskUpIndia\n#MaskUp\n#COVIDAppropriateBehaviour\xe2\x80\xa6 https://t.co/XwrNiitmH4',b'Chawla17Monica',"b'New Delhi, India'"
31-01-2022 13:19,b'@Yveerangnayen #Covid\n#YouthVeerangnayen\n#masks\n#NITIAayog \n#MaskUpIndia\n#MaskUp\n#COVIDAppropriateBehaviour\xe2\x80\xa6 https://t.co/Zj5OvaVEbp',b'EktaKhu27506519',"b'sirsa, India'"
31-01-2022 13:02,"b""@Yveerangnayen #Covid\n#YouthVeerangnayen are doing such a great work in today's time.\nKeep up good work.\n#masks\xe2\x80\xa6 https://t.co/sIm5Ak7aYo""",b'FaithOn',"b'Fatehabad, India'"
31-01-2022 12:58,b'@Yveerangnayen That\xe2\x80\x99s great work done by #YouthVeerangnayen as wearing mask is the most beneficial way to protect o\xe2\x80\xa6 https://t.co/OWo2cFrIFr',b'sakshisharma852',"b'New Delhi, India'"
31-01-2022 12:21,b'@DSSNewsUpdates @Gurmeetramrahim Great humanity work \xf0\x9f\x91\x8c#Maskup',b'Sanvi02006183',"b'New Delhi, India'"
31-01-2022 11:48,b'@DSSNewsUpdates @Gurmeetramrahim Appreciable work\n#MaskUp',b'sonali_gondia',"b'Gurgaon, India'"
31-01-2022 11:38,"b'Omicron has posed its threats on us. We must protect ourselves once again from these deadly viruses. So, Mask-up Ra\xe2\x80\xa6 https://t.co/DrygSHtZng'",b'RajasthanReveal',"b'Jaipur, India'"
31-01-2022 11:14,b'Protection from the virus- Mask Distribution by DSS Volunteers following the pious teachings of Saint Dr.\xe2\x80\xa6 https://t.co/j8uXW4PRmA',b'DSSNewsUpdates',"b'Sirsa, India'"
31-01-2022 11:10,b'@Yveerangnayen @NITIAayog Youth veerangnayen team your efforts to spread awareness about Corona prevention really c\xe2\x80\xa6 https://t.co/U40YNQVYVT',b'Lalitapandit8',"b'New Delhi, India'"
31-01-2022 10:40,b'@Yveerangnayen @NITIAayog #AwarenessCampaigns \n#COVIDAppropriateBehaviour \n#COVID\n#MaskUp\n#MaskUpIndia Women are pl\xe2\x80\xa6 https://t.co/4TVD3iSnz9',b'EktaKhu27506519',"b'sirsa, India'"
31-01-2022 10:21,b'#Wuhan is updating their virus \xf0\x9f\xa6\xa0 variants literally how Apple has its software updates! #NeoCov it is now \xf0\x9f\x91\xb9\xe2\x80\xa6 https://t.co/YhWxr8XRdf',b'GMGokulOfficial',"b'Kumbakonam, India'"
31-01-2022 09:28,b'@Yveerangnayen @NITIAayog #AwarenessCampaigns \n#COVIDAppropriateBehaviour \n#COVID\n#MaskUp\n#MaskUpIndia\nGreat humanity work \xf0\x9f\x91\x8d',b'Chawla17Monica',"b'New Delhi, India'"
31-01-2022 08:15,b'In lighter vein\xf0\x9f\x98\x8a\nEven the Captcha ( Completely Automated Public Turing test to tell Computers and Humans Apart ) is\xe2\x80\xa6 https://t.co/k1oEEFzHtQ',b'minisharma018',"b'Ranchi, India                 '"
31-01-2022 07:41,b'Say no to #MaskUp #Masks! https://t.co/G9uQ5Xy7dj',b'jbsaswini',"b'Jajpur, Odisha. India'"
31-01-2022 07:30,b'@Yveerangnayen @NITIAayog Good Job \xf0\x9f\x91\x8d#AwarenessCampaigns \n#COVIDAppropriateBehaviour \n#COVID\n#MaskUp\n#MaskUpIndia',b'Shruti1669',b'India'
31-01-2022 06:53,b'@Yveerangnayen @NITIAayog #AwarenessCampaigns \n#COVIDAppropriateBehaviour \n#COVID\n#MaskUp\n#MaskUpIndia\nCovid vaccin\xe2\x80\xa6 https://t.co/CoFkjZLFgc',b'RanjeetaRani17',"b'Mawana, India'"
31-01-2022 06:35,"b'#MiddayLifestyle | \n\n#Masks still save lives: As #thirdwave begins, a guide on why and how to #maskup \n\nVia: Nascim\xe2\x80\xa6 https://t.co/0emF1wxUyd'",b'mid_day',"b'Mumbai, India'"
31-01-2022 06:10,b'Precautions OK please.\n#MaskUp #Sanitizer #StayHome https://t.co/hIayvEuIK8',b'HelpNowIndia',"b'Mumbai, India'"
31-01-2022 05:56,"b'God balances our lives by giving us enough blessings to keep us happy, enough burdens to keep us humble and enough\xe2\x80\xa6 https://t.co/Fx0QV5AOyb'",b'harrynaik_IND',b'India'
31-01-2022 05:26,b'Check out what these Kolkatans think about the pandemic and masks. #CovidProtocol #Masks #MaskUp #MaskUpKolkata\xe2\x80\xa6 https://t.co/XjC34GrZaB',b'TT_My_Kolkata',"b'Kolkata, India'"
31-01-2022 02:08,"b""#DYK: According to the @CDC, it's essential to wear your mask correctly to ensure that you get the full protection\xe2\x80\xa6 https://t.co/i6lBi0Qw1v""",b'OPPIIndia',b'India'
31-01-2022 01:20,b'Vaccines and COVID tests are available through the University Health Center. Keep your vaccine records up to date a\xe2\x80\xa6 https://t.co/8Lup87tywk',b'USI_LiberalArts',b'University of Southern Indiana'
30-01-2022 16:11,b'#IndiaFightsCorona #Rajasthan 30th Jan 22 #COVID19 6pm Bulletin\n\nPlz Keep #MaskUp &amp; #StaySafe\n\n10061 Positive Cases\xe2\x80\xa6 https://t.co/ujoiOkAHoU',b'JaipurExplore',"b'Jaipur, India'"
30-01-2022 14:30,b'Status of Covid-19 cases 30.01.2022 in #Madurai Corporation Areas.\n#COVID19 #MaskUp #MaduraiCity https://t.co/86NBjujqK8',b'city_madurai',"b'Madurai, TamilNadu, India'"
30-01-2022 13:54,b'@AkshayKtrs @tsrtcmdoffice @ysathishreddy @AnilgoudKTRs @DharaniR_ @GoudNareshTrs Minimum responsibility to #MaskUp\xe2\x80\xa6 https://t.co/SAoL1hY3OI',b'rajendradudam1',"b'Hyderabad, India'"
30-01-2022 13:37,b'#IndiaFightsCorona #Rajasthan\n30th Jan 22 #COVID19 6pm Bulletin\n\nPlz Keep #MaskUp\xf0\x9f\x98\xb7 &amp; #StaySafe\n\n10061 Positive Case\xe2\x80\xa6 https://t.co/4ZYfObPCbN',b'ritendra4u',"b'Jaipur, India'"
30-01-2022 12:41,b'Ending the weekend right in our favourite Denim Jacket \xf0\x9f\x96\xa4\n\n#PepeJeansIndia #PepeIsOn #TheNewBlue #SS22 #WeLovePepe\xe2\x80\xa6 https://t.co/vUvkabAch5',b'PepeJeansIndia',b'India'
30-01-2022 12:21,b'@MirrorNow Someone ask him to mask up. Putting others at risk. \n#MaskUp',b'Prasad17431090',"b'Vijayapuri, India'"
30-01-2022 06:35,"b'#MiddayLifestyle | \n\n#Masks still save lives: As #thirdwave begins, a guide on why and how to #maskup \n\nVia: Nascim\xe2\x80\xa6 https://t.co/LYWxPZnBNM'",b'mid_day',"b'Mumbai, India'"
30-01-2022 05:30,b'Hope you lovelies are masking up because we surely are! \xf0\x9f\x98\xb7\xe2\x80\x8b\n\n#Eva #EvaGirl #WinterCare #WinterWonderland \xe2\x80\x8b\xe2\x80\xa6 https://t.co/W7GB1lORzi',b'evadeo',"b'Chennai, India'"
30-01-2022 04:48,"b'When our mind is agitated, even more do we need to calm our body. Sit quietly and deep breathe.... and find the bod\xe2\x80\xa6 https://t.co/l6N6GHwxEr'",b'harrynaik_IND',b'India'
29-01-2022 21:50,b'Mask timeout with 3:27 left in 3Q. Vikings lead Marshall 16-15.\n#MaskUp',b'WVHSathletics',"b'West Terre Haute, Indiana'"
29-01-2022 15:57,"b'#IndiaFightsCorona #Rajasthan 29th Jan 22 #COVID19  Bulletin\n\nPlz Keep #MaskUp &amp; #StaySafe\n\n10437 Positive Cases, 2\xe2\x80\xa6 https://t.co/EF2lVxGfty'",b'JaipurExplore',"b'Jaipur, India'"
29-01-2022 15:36,b'@Yveerangnayen The first step toward change is awareness. The second step is acceptance.#YouthVeerangnayen\xe2\x80\xa6 https://t.co/b5e6aR3wVc',b'SahareYashu',"b'Nagpur, India'"
29-01-2022 15:29,b'#IndiaFightsCorona #Rajasthan\n29th Jan 22 #COVID19 6pm Bulletin\n\nPlz Keep #MaskUp\xf0\x9f\x98\xb7 &amp; #StaySafe\n\n10437 Positive Case\xe2\x80\xa6 https://t.co/26ZT0OeCHm',b'ritendra4u',"b'Jaipur, India'"
29-01-2022 14:59,b'@Yveerangnayen Amaging work done by the members of youth veerangnayen. #YouthVeerangnayen\n#AwarenessCampaigns\xe2\x80\xa6 https://t.co/0OHVtRjaqp',b'kukreja_kamna',"b'Alwar, India'"
29-01-2022 14:41,"b""In this pandemic , it's very important to wear mask as it prevents our respiratory droplets in reaching others . Th\xe2\x80\xa6 https://t.co/XDW2KFg05y""",b'Rishitabansal77',"b'New Delhi, India'"
29-01-2022 14:39,b'Status of Covid-19 cases 29.01.2022 in #Madurai Corporation Areas.\n#COVID19 #MaskUp #MaduraiCity https://t.co/aadPN1IJEK',b'city_madurai',"b'Madurai, TamilNadu, India'"
29-01-2022 14:12,b'@Yveerangnayen #YouthVeerangnayen\n#AwarenessCampaigns\n#NITIAayog \n#COVID\n#GetVaccinated\n#COVID_19\xe2\x80\xa6 https://t.co/PBDLCUx2S1',b'FaithOn',"b'Fatehabad, India'"
29-01-2022 13:55,"b'@Yveerangnayen Keep distance,wear mask and protect all from this pandemic.Youth Veerangnayen playing great role to\xe2\x80\xa6 https://t.co/m7iqfFLYWv'",b'AshaJaspal4',"b'Panchkula, India'"
29-01-2022 13:25,b'@Yveerangnayen #YouthVeerangnayen\n#AwarenessCampaigns\n#NITIAayog \n#COVID\n#GetVaccinated\n#COVID_19\xe2\x80\xa6 https://t.co/oiJpnj8h3s',b'AnjaliR81849784',"b'Punjab, India'"
29-01-2022 12:30,b'Weekends have a new wardrobe! Choose your style. Choose your #Pepe\n\n#PepeJeansIndia #PepeIsOn #TheNewBlue #SS22\xe2\x80\xa6 https://t.co/oXc6FrAKBi',b'PepeJeansIndia',b'India'
29-01-2022 11:15,b'@Yveerangnayen Well Done #YouthVeerangnayen\n#AwarenessCampaigns\n#NITIAayog \n#COVID\n#GetVaccinated\n#COVID_19\xe2\x80\xa6 https://t.co/lf3qFTG4iw',b'Shruti1669',b'India'
29-01-2022 10:51,b'@Yveerangnayen #YouthVeerangnayen\n#AwarenessCampaigns\n#NITIAayog \n#COVID\n#GetVaccinated\n#COVID_19\xe2\x80\xa6 https://t.co/Jw7uPWFRu0',b'Chawla17Monica',"b'New Delhi, India'"
29-01-2022 09:48,b'@Yveerangnayen Great Work By Youth Veerangnayen \xf0\x9f\x91\x8c #YouthVeerangnayen\n#AwarenessCampaigns\n#NITIAayog \n#COVID\xe2\x80\xa6 https://t.co/XxUWCZM1EJ',b'BhavyaThakur234',"b'New Delhi, India'"
29-01-2022 09:21,"b""@Yveerangnayen Yes,  that's great !\n#YouthVeerangnayen are doing noble task by spreading \n#AwarenessCampaigns in so\xe2\x80\xa6 https://t.co/t1m5LlNRYL""",b'Krati18323216',"b' Nangloi, New Delhi, India'"
29-01-2022 08:40,b'@Yveerangnayen #YouthVeerangnayen\n#AwarenessCampaigns\n#NITIAayog \n#COVID\n#GetVaccinated\n#COVID_19\xe2\x80\xa6 https://t.co/qbVMkDS8Fh',b'PoonamS40495339',"b'New Delhi, India'"
29-01-2022 08:00,b'Check out these Kolkatans for whom keeping a mask on and up is too difficult a task. #MaskUpKolkata #MaskUp\xe2\x80\xa6 https://t.co/VlnKbwEyBy',b'TT_My_Kolkata',"b'Kolkata, India'"
29-01-2022 07:46,b'@ANILTYAGI77 @DSSNewsUpdates @Gurmeetramrahim Great initiative by @DSSNewsUpdates \n#MaskUp #WearAMask https://t.co/FdGvMwnkq3',b'PremMeenaAlwar',"b'Jodhpur, India'"
29-01-2022 07:45,b'@DSSNewsUpdates @Gurmeetramrahim Great work nice initiative by @DSSNewsUpdates NGo under the true guidance of Saint\xe2\x80\xa6 https://t.co/IkhxNNEQJ3',b'PremMeenaAlwar',"b'Jodhpur, India'"
29-01-2022 07:42,b'@Yveerangnayen @NITIAayog Great Job \xf0\x9f\x91\x8c\n#VaccinationCamps \n#AwarenessCampaigns\n#NITIAayog \n#COVID\n#VaccinationCamp\xe2\x80\xa6 https://t.co/cSKcj5PHuB',b'BhavyaThakur234',"b'New Delhi, India'"
29-01-2022 07:42,b'@Yveerangnayen @NITIAayog Gud Work \xf0\x9f\x91\x8c\n#VaccinationCamps \n#AwarenessCampaigns\n#NITIAayog \n#COVID\n#VaccinationCamp\xe2\x80\xa6 https://t.co/YBVJbZ9m6c',b'BhavyaThakur234',"b'New Delhi, India'"
29-01-2022 07:19,b'Short video creators on Tiki launch #IndiaFightsCorona campaign\nhttps://t.co/EfYZD0Dx8u\n@TikiAppOfficial\xe2\x80\xa6 https://t.co/5npLNIjJel',b'MediaBrief_',"b'Mumbai, India'"
29-01-2022 06:35,"b'#MiddayLifestyle | \n\n#Masks still save lives: As #thirdwave begins, a guide on why and how to #maskup \n\nVia: Nascim\xe2\x80\xa6 https://t.co/kvYaMKKpq7'",b'mid_day',"b'Mumbai, India'"
29-01-2022 06:29,"b""Police termed the allegations as 'baseless', saying that the bowler sustained injuries during their attempt to brin\xe2\x80\xa6 https://t.co/7qHQQ06uGF""",b'fpjindia',b'India'
29-01-2022 05:42,"b'When we strive to become better than we are, strangely everything around us becomes better too. \n \xf0\x9f\x99\x8f\xf0\x9f\x8f\xbbSuprabhatam on\xe2\x80\xa6 https://t.co/EcXUJXSu6q'",b'harrynaik_IND',b'India'
29-01-2022 05:00,b'@OfficialMSGfc @Gurmeetramrahim #MaskUp \nGood work',b'GauravIndiaJind',"b'Jind,Haryana,India'"
29-01-2022 04:51,"b'Under the holy guidance of Saint @Gurmeetramrahim Ji, #DeraSachaSauda volunteers Priya Insan &amp; Neeru Insan from Cha\xe2\x80\xa6 https://t.co/Rb19vf88W6'",b'OfficialMSGfc',"b'Mumbai, Maharashtra, India'"
29-01-2022 03:21,b'When things start to open up here is another new strain and variant #NeoCov #COVID19  high spread high death rate 1\xe2\x80\xa6 https://t.co/YIhqul3ZmS',b'rvkoushik',b'India'
28-01-2022 15:56,b'#IndiaFightsCorona #Rajasthan\n28th Jan 22 #COVID19 6pm Bulletin\n\nPlz Keep #MaskUp\xf0\x9f\x98\xb7 &amp; #StaySafe\n\n8125 Positive Cases\xe2\x80\xa6 https://t.co/J5o6OpvDC1',b'ritendra4u',"b'Jaipur, India'"
28-01-2022 15:44,b'Status of Covid-19 cases 28.01.2022 in #Madurai Corporation Areas.\n#COVID19 #MaskUp #MaduraiCity https://t.co/SEn4ZGEpyw',b'city_madurai',"b'Madurai, TamilNadu, India'"
28-01-2022 13:58,b'@Yveerangnayen @NITIAayog Youth veerangnayen playing great role to defeat covid. #VaccinationCamps\xe2\x80\xa6 https://t.co/IbdUmymtHW',b'kukreja_kamna',"b'Alwar, India'"
28-01-2022 13:30,b'@Yveerangnayen @NITIAayog Youth Veerangnayen playing great role to defeat covid. Very weldone.#VaccinationCamps\xe2\x80\xa6 https://t.co/MHCMstEy4Q',b'AshaJaspal4',"b'Panchkula, India'"
28-01-2022 13:29,b'@Yveerangnayen @NITIAayog Youth Veerangnayen playing great role to defeat covid. Very weldone.#VaccinationCamps\xe2\x80\xa6 https://t.co/euIpiE5bJq',b'AshaJaspal4',"b'Panchkula, India'"
28-01-2022 13:08,b'@Yveerangnayen @NITIAayog It is health which is real wealth and not pieces of gold and silver.#VaccinationCamps\xe2\x80\xa6 https://t.co/U4Up220Plw',b'SahareYashu',"b'Nagpur, India'"
28-01-2022 13:06,b'@Yveerangnayen @NITIAayog I believe that the greatest gift you can give your family and the world is a healthy you.\xe2\x80\xa6 https://t.co/AdKcgXlEEN',b'SahareYashu',"b'Nagpur, India'"
28-01-2022 13:02,b'@Yveerangnayen @NITIAayog Good health and good sense are two of life\xe2\x80\x99s greatest blessings.#COVID \n#VaccinationCamp\xe2\x80\xa6 https://t.co/eDtqJEM3dx',b'SahareYashu',"b'Nagpur, India'"
28-01-2022 12:55,b'China has warned about a new variant #NeoCov .supposedly deadly to human life.. *me \xf0\x9f\x91\x87\n#MaskUp #COVID https://t.co/T2miv5Vbvg',b'bharathkrishna0',"b'New Delhi, India'"
28-01-2022 12:47,b'#Wuhan is updating their virus \xf0\x9f\xa6\xa0 variants literally how Apple has its software updates! #NeoCov it is now \xf0\x9f\x98\xad\xf0\x9f\xa4\x92\xf0\x9f\x91\xb9\xe2\x80\xa6 https://t.co/yvjKySTSXi',b'MustardAndRed',"b'Mumbai, India'"
28-01-2022 12:32,b'#SpottedInPepe #SamreenKaur playing it cool in our classic denim!\n\n#PepeJeansIndia #PepeIsOn #TheNewBlue\xe2\x80\xa6 https://t.co/GO3DVvlnpa',b'PepeJeansIndia',b'India'
28-01-2022 12:15,"b'Behind this mask there is more than just flesh. Beneath this mask there is an idea, and ideas are bulletproof.\n\nChe\xe2\x80\xa6 https://t.co/j9FWv82gqf'",b'jayacoustic2',b'India'
28-01-2022 12:03,b'@Yveerangnayen We can follow this guidelines during Corona positive.\n\n#COVID\n#COVID_19\n#COVIDAppropriateBehaviour\xe2\x80\xa6 https://t.co/wXGYzPmo8L',b'Lalitapandit8',"b'New Delhi, India'"
28-01-2022 11:15,b'@Yveerangnayen @NITIAayog Well done team \xf0\x9f\x91\x8c\xf0\x9f\x91\x8c !!\nThe greatest good work is what we do for one another.\xe2\x80\xa6 https://t.co/2AVQajRZGg',b'Lalitapandit8',"b'New Delhi, India'"
28-01-2022 11:14,b'@Yveerangnayen @NITIAayog Well done team \xf0\x9f\x91\x8c\xf0\x9f\x91\x8c !!\nThe greatest good work is what we do for one another.\xe2\x80\xa6 https://t.co/cItkbSk2wu',b'Lalitapandit8',"b'New Delhi, India'"
28-01-2022 11:13,b'@Yveerangnayen @NITIAayog Well done team \xf0\x9f\x91\x8c\xf0\x9f\x91\x8c !!\nThe greatest good work is what we do for one another.\xe2\x80\xa6 https://t.co/nThtVYQ83g',b'Lalitapandit8',"b'New Delhi, India'"
28-01-2022 11:11,b'@Yveerangnayen @NITIAayog Well done team \xf0\x9f\x91\x8c\xf0\x9f\x91\x8c  !!\nThe greatest good work is what we do for one another.\xe2\x80\xa6 https://t.co/rePwFS8bRT',b'Lalitapandit8',"b'New Delhi, India'"
28-01-2022 10:15,b'@Yveerangnayen @NITIAayog #VaccinationCamps \n#AwarenessCampaigns\n#NITIAayog \n#COVID\n#VaccinationCamp\xe2\x80\xa6 https://t.co/O195WYEWRl',b'Chawla17Monica',"b'New Delhi, India'"
28-01-2022 10:14,b'@Yveerangnayen @NITIAayog #VaccinationCamps \n#AwarenessCampaigns\n#NITIAayog \n#COVID\n#VaccinationCamp\xe2\x80\xa6 https://t.co/sN3h3v68ou',b'Chawla17Monica',"b'New Delhi, India'"
28-01-2022 08:40,b'Ideal temperature \xf0\x9f\xa4\x92 to recover from covid . Stay safe and #MaskUp \n#CricketTwitter https://t.co/btvuEKnMK3',b'vmanjunath',b'India \xf0\x9f\x87\xae\xf0\x9f\x87\xb3'
28-01-2022 08:24,b'@Yveerangnayen @NITIAayog #VaccinationCamps \n#AwarenessCampaigns\n#NITIAayog \n#COVID\n#VaccinationCamp\xe2\x80\xa6 https://t.co/Z5ZrlfAIhj',b'AnjaliR81849784',"b'Punjab, India'"
28-01-2022 07:39,b'MASK ON!\n\nFlaunt your passion...step out in style with our literary masks!\n\nShop here - https://\xe2\x80\xa6 https://t.co/qsH0wUbCYe',b'BooksetcCo',"b'New Delhi, India'"
28-01-2022 07:25,b'#4 Flutter_view\n\nhttps://t.co/3OitLgzjmc\n\n#NFT #digitalart #MaskUp #madcrypto #NFTCommunity #EyesOn #masknft #OpenSeaNFT #projectHawk',b'newel_thomas',"b'Mumbai, India'"
28-01-2022 07:24,b'@Yveerangnayen @NITIAayog Good #VaccinationCamps \n#AwarenessCampaigns\n#NITIAayog \n#COVID\n#VaccinationCamp\xe2\x80\xa6 https://t.co/tEE9WwDeQG',b'Shruti1669',b'India'
28-01-2022 06:35,"b'#MiddayLifestyle | \n\n#Masks still save lives: As #thirdwave begins, a guide on why and how to #maskup \n\nVia: Nascim\xe2\x80\xa6 https://t.co/LYK4NZ6qBZ'",b'mid_day',"b'Mumbai, India'"
28-01-2022 06:33,"b'I confirm, #Covid causes fatigue. \n\xe2\x80\xa2Tiredness &amp; Sleepiness\n\xe2\x80\xa2Headaches\n\xe2\x80\xa2Dizziness\n\xe2\x80\xa2Muscle weakness\n\xe2\x80\xa2Slow reflexes\n\xe2\x80\xa2M\xe2\x80\xa6 https://t.co/PoBvXbwcDF'",b'rohit11',"b'Pune, India'"
28-01-2022 06:30,"b""One of the best lessons one can learn in life is to master how to remain calm..... Remember that there's none but y\xe2\x80\xa6 https://t.co/hrZFBe59AQ""",b'harrynaik_IND',b'India'
28-01-2022 05:45,b'Check out more reasons Kolkatans cite for violating the Covid mask protocol. #CovidProtocol #MaskUpKolkata #MaskUp\xe2\x80\xa6 https://t.co/PGIP09TZTo',b'TT_My_Kolkata',"b'Kolkata, India'"
28-01-2022 04:40,b'@Yveerangnayen @NITIAayog #VaccinationCamps are organized for we people to save lives of ourselves and everyone aro\xe2\x80\xa6 https://t.co/8kThQzFIi1',b'savita78781942',"b'Fatehabad, India'"
28-01-2022 02:42,b'@Yveerangnayen @NITIAayog #GetVaccinated \n#MaskUp\n#MaskUpIndia \n#COVID_19\n#COVIDAppropriateBehaviour is must accord\xe2\x80\xa6 https://t.co/iSAtcsGtDP',b'FaithOn',"b'Fatehabad, India'"
27-01-2022 17:46,b'Somewhere on the streets of #Darjeeling\n\n#monkbrain #donka #2021recap #mountains #corn #streetfood #walkwalkwalk\xe2\x80\xa6 https://t.co/w5cfu4Jf6z',b'MadhuDonka',b'India'
27-01-2022 16:42,b'Status of Covid-19 cases 27.01.2022 in #Madurai Corporation Areas.\n#COVID19 #MaskUp #MaduraiCity https://t.co/Icgu31sC3Z',b'city_madurai',"b'Madurai, TamilNadu, India'"
27-01-2022 16:34,b'@Yveerangnayen Time and health are two precious assets that we don\xe2\x80\x99t recognize and appreciate until they have been\xe2\x80\xa6 https://t.co/xzX2tc3zsm',b'SahareYashu',"b'Nagpur, India'"
27-01-2022 15:22,b'@Yveerangnayen @NITIAayog Youth veerangnayen motivated people to come and get vaccinated. Covid 19 to save ourselve\xe2\x80\xa6 https://t.co/yyeCImRbHA',b'kukreja_kamna',"b'Alwar, India'"
27-01-2022 15:03,b'@Yveerangnayen @NITIAayog #COVID \n#VaccinationCamp \n#GetVaccinated\n#COVID_19\n#COVIDAppropriateBehaviour \n#MaskUp\xe2\x80\xa6 https://t.co/BAdUuEYTNv',b'AnjaliR81849784',"b'Punjab, India'"
27-01-2022 14:37,b'The Mask Lab by Control Print is now USFDA approved for distribution of 3 ply surgical masks in USA.\n#TheMaskLab\xe2\x80\xa6 https://t.co/G1BSyHqJ5x',b'TheMaskLabIndia',"b'Mumbai, India.'"
27-01-2022 14:32,b'@KolkataPolice is making #mask awareness fun with memes and funny videos. \n\n#SpottedOnSocialMedia #Covid19\xe2\x80\xa6 https://t.co/RRLEcpg0Vq',b'TT_My_Kolkata',"b'Kolkata, India'"
27-01-2022 14:32,"b'Head-to-toe denim is a bold look, make it yours!\n\n#PepeJeansIndia #PepeIsOn #TheNewBlue #SS22 #WeLovePepe\xe2\x80\xa6 https://t.co/JrvZ8EKgy6'",b'PepeJeansIndia',b'India'
27-01-2022 14:24,b'#COVID19 cases in UP has come down below 9000. Total 8901 cases to be precise and 20 deaths reported in last 24 hou\xe2\x80\xa6 https://t.co/JUCpUZf4F0',b'rmulko',"b'Lucknow, India'"
27-01-2022 14:10,b'#IndiaFightsCorona #Rajasthan\n27th Jan 22 #COVID19 6pm Bulletin\n\nPlz Keep #MaskUp\xf0\x9f\x98\xb7 &amp; #StaySafe\n\n9227 Positive Cases\xe2\x80\xa6 https://t.co/rk8DY5JiEO',b'ritendra4u',"b'Jaipur, India'"
27-01-2022 14:05,"b'@Yveerangnayen @NITIAayog Yes, if we got vaccinate with both doses,  chances of infection will be decrease.\n#COVID\xe2\x80\xa6 https://t.co/sGC3VYM5AH'",b'Krati18323216',"b' Nangloi, New Delhi, India'"
27-01-2022 14:01,b'@Yveerangnayen @NITIAayog YouthVeerangnayen taking good step in this pandemic by organising vaccination camp in var\xe2\x80\xa6 https://t.co/CNTKKPXzdC',b'AshaJaspal4',"b'Panchkula, India'"
27-01-2022 14:00,b'@Yveerangnayen @NITIAayog Good \xf0\x9f\x91\x8d#COVID \n#VaccinationCamp \n#GetVaccinated\n#COVID_19\n#COVIDAppropriateBehaviour\xe2\x80\xa6 https://t.co/yyHNXlIKzB',b'Shruti1669',b'India'
27-01-2022 13:50,b'@Yveerangnayen @NITIAayog #COVID #VaccinationCamp \n#GetVaccinated\n#COVID_19\n#COVIDAppropriateBehaviour \n#MaskUp\xe2\x80\xa6 https://t.co/bCXQ4FSQiT',b'Chawla17Monica',"b'New Delhi, India'"
27-01-2022 13:42,b'@Yveerangnayen @NITIAayog The best way to prevent getting infected from omicron variant and #COVID is to get both t\xe2\x80\xa6 https://t.co/ogEO3O2OmR',b'khushalikalmkar',"b'Maharashtra, India'"
27-01-2022 13:41,"b""After the entire family tested positive and are currently recovering, I'm the last of the lot to test #COVID19 (+ve\xe2\x80\xa6 https://t.co/by7urkPBeP""",b'Jay_Apoorva18',"b'Chennai, India'"
27-01-2022 12:14,b'@Yveerangnayen #COVID \n#COVIDAppropriateBehaviour \n#COVID_19 \n#MaskUp\n#MaskUpIndia\n#YouthVeerangnayen\nWe proud of my India',b'RanjeetaRani17',"b'Mawana, India'"
27-01-2022 12:13,b'@Yveerangnayen #COVID \n#COVIDAppropriateBehaviour \n#COVID_19 \n#MaskUp\n#MaskUpIndia\nHappy Republic day',b'RanjeetaRani17',"b'Mawana, India'"
27-01-2022 11:42,"b'@Yveerangnayen Thanks, Sister #COVID \n#COVIDAppropriateBehaviour \n#COVID_19 \n#MaskUp\n#MaskUpIndia\n#YouthVeerangnayen'",b'Shruti1669',b'India'
27-01-2022 09:32,b'@Yveerangnayen Thanks for this valuable healt tips \xf0\x9f\x91\x8c #COVID \n#COVIDAppropriateBehaviour \n#COVID_19 \n#MaskUp\n#MaskUpIndia\n#YouthVeerangnayen',b'BhavyaThakur234',"b'New Delhi, India'"
27-01-2022 09:08,"b'@Yveerangnayen Yes, I agreed. if we want healthy and happy body and mind we have follow the guidelines given by gov\xe2\x80\xa6 https://t.co/vRkmBCYg6o'",b'Krati18323216',"b' Nangloi, New Delhi, India'"
27-01-2022 09:00,b'@Yveerangnayen #COVID \n#COVIDAppropriateBehaviour \n#COVID_19 \n#MaskUp\n#MaskUpIndia and make safe India. \n#YouthVeerangnayen',b'FaithOn',"b'Fatehabad, India'"
27-01-2022 08:52,b'@Yveerangnayen The country is republic when the citizens have supreme power to elect someone. To take any best deci\xe2\x80\xa6 https://t.co/WaH3Vw4wLw',b'khushalikalmkar',"b'Maharashtra, India'"
27-01-2022 06:42,b'Lettuce wear a face mask and help in ensuring the safety of everyone around. \n\nMasks are an effective tool in this\xe2\x80\xa6 https://t.co/NdKBHNIYRS',b'MeghalayaPolice',"b'Shillong, India'"
27-01-2022 06:35,"b'#MiddayLifestyle | \n\n#Masks still save lives: As #thirdwave begins, a guide on why and how to #maskup \n\nVia: Nascim\xe2\x80\xa6 https://t.co/Evjx0Bqn8g'",b'mid_day',"b'Mumbai, India'"
27-01-2022 05:16,"b'When your cup is overflowing, dont start drinking from the saucer! Instead be it happiness or knowledge, share it w\xe2\x80\xa6 https://t.co/fgWYxAHxQf'",b'harrynaik_IND',b'India'
27-01-2022 04:56,b'@nazir28 My #PostCovid period has been characterised by fatigue and exhaustion. Never felt as tired ever earlier. P\xe2\x80\xa6 https://t.co/tBzouTX0mI',b'RameshPV2010',b'India / International '
27-01-2022 03:26,"b'When I see health officials wearing PPE kits, I feel like painting kits in animal prints. Already tired of seeing t\xe2\x80\xa6 https://t.co/GHVmSb628D'",b'SoniaMinochka',"b'New Delhi, India'"
26-01-2022 22:07,"b""@DrJoyeeta This is right way to do..\nBut it's creepy to walk around in home with mask on, esp when you have toddler\xe2\x80\xa6 https://t.co/GAAJvOmUJH""",b'vashrivastava',b'India'
26-01-2022 15:34,b'@Yveerangnayen #Corona \n#YouthVeerangnayen\n#COVIDAppropriateBehaviour\n#Vaccinated\n#MaskUp\n#MaskUpIndia\xe2\x80\xa6 https://t.co/DqOhYQqsYR',b'EktaKhu27506519',"b'sirsa, India'"
26-01-2022 15:22,"b'Untill then, #StaySafe #MaskUp #GetVaccinated and importantly #RunForAGirlChild\n\n#SevaBharathi #KishoriVikas\xe2\x80\xa6 https://t.co/Bnb8QGlMUb'",b'run4agirlchild',"b'Hyderabad, India'"
26-01-2022 13:55,b'#IndiaFightsCorona #Rajasthan\n26th Jan 22 #COVID19 6pm Bulletin\n\nPlz Keep #MaskUp\xf0\x9f\x98\xb7 &amp; #StaySafe\n\n13049 Positive Case\xe2\x80\xa6 https://t.co/30ihXgCjAa',b'ritendra4u',"b'Jaipur, India'"
26-01-2022 13:08,b'Status of Covid-19 cases 26.01.2022 in #Madurai Corporation Areas.\n#COVID19 #MaskUp #MaduraiCity https://t.co/Vi5Z7Y1sBl',b'city_madurai',"b'Madurai, TamilNadu, India'"
26-01-2022 12:38,"b'#Kerala Reports 49,771 new #COVID19 cases, Reports 63 death,\nTPR - 48.06%\n\nLesser than Yesterday \n\n#Staysafe\xe2\x80\xa6 https://t.co/BDm9aWuAMN'",b'RakeshRamachan',b'Thirssur.India'
26-01-2022 12:32,"b""It's been 7 days, I'm home and taking all the medicines. Tari pan sala kalat nahi corona aahe ka gelay mazyatn. \xf0\x9f\xa4\xb7\xe2\x80\x8d\xe2\x99\x82\xef\xb8\x8f\n#layawghad_laka #MaskUp""",b'jackpra_',"b'Pune, India'"
26-01-2022 12:30,b'Styles that match your vibe \xf0\x9f\x92\x99\nFind your ideal summer style now at https://t.co/7qatcm6qhT!\n\n#PepeJeansIndia\xe2\x80\xa6 https://t.co/8RIRw40Hlc',b'PepeJeansIndia',b'India'
26-01-2022 11:54,b'@Yveerangnayen Superb Work \xf0\x9f\x91\x8c\n#Corona \n#YouthVeerangnayen\n#COVIDAppropriateBehaviour\n#Vaccinated\n#MaskUp\xe2\x80\xa6 https://t.co/OyzUL6zBVm',b'BhavyaThakur234',"b'New Delhi, India'"
26-01-2022 10:35,b'People please read #MaskUp #coronavirus #OmicronVarient https://t.co/rJaYKHCLdM',b'ridzsups',b'India'
26-01-2022 07:05,"b'Where is your mask, Mr Prime Minister?! Why do you never mask up whenever you are in public, sir?! @narendramodi\xe2\x80\xa6 https://t.co/amgWqHw62P'",b'Essarzed',"b'New Delhi, India'"
26-01-2022 06:46,b'Everyone wearing mask. Except one man.\n\n#MaskUp #RepublicDay',b'ismailfatru',b'India'
26-01-2022 06:35,"b'#MiddayLifestyle | \n\n#Masks still save lives: As #thirdwave begins, a guide on why and how to #maskup \n\nVia: Nascim\xe2\x80\xa6 https://t.co/1WcaoybQoZ'",b'mid_day',"b'Mumbai, India'"
26-01-2022 06:17,"b'Hats off to the dancers, brilliant performance even after wearing mask! Because when I walk or using stairs with we\xe2\x80\xa6 https://t.co/1WqNkepw4x'",b'anchorjiya',"b'Noida, India'"
26-01-2022 06:14,"b""Why can't the PM #MaskUp when the President, all the marching regiments and parade participants  can? #RepublicDayParade2022""",b'ShriyaMohan',"b'New Delhi, India'"
26-01-2022 06:13,b'@Poori5678 @VINODSONY @raghavan_harini @priyachettyr Great Initiative...#MaskUp is needed more than ever before',b'grovervj',b'India'
26-01-2022 06:10,b'@OfficialMSGfc distribution of Mask cum humanity #MaskUp',b'jackie19singh',"b'Mumbai, India'"
26-01-2022 06:01,"b'#DeraSachaSauda volunteers from Ambala, Haryana distributed face masks to locals for no cost to prevent the spread\xe2\x80\xa6 https://t.co/7nR6owOmJT'",b'OfficialMSGfc',"b'Mumbai, Maharashtra, India'"
26-01-2022 05:58,b'Happy #RepublicDay\xc2\xa0 Dear Indians!\n\nWear your face mask and get your  vaccine \xf0\x9f\x92\x89 from nearest vaccination centers.\n\nL\xe2\x80\xa6 https://t.co/akRQcbWNeQ',b'Dr_HenalPatel',"b'Ahmedabad, India'"
26-01-2022 05:55,"b'#DeraSachaSauda Volunteers from Panchkula, Haryana distributed 5000 Face masks to locals at free of cost to prevent\xe2\x80\xa6 https://t.co/bm3KrrI4Z5'",b'OfficialMSGfc',"b'Mumbai, Maharashtra, India'"
26-01-2022 05:51,"b'Time may fly but if you realize that you are the pilot, you can steer it to a place you want to be in. \n \xf0\x9f\x99\x8f\xf0\x9f\x8f\xbbSuprabha\xe2\x80\xa6 https://t.co/qn28ov1alk'",b'harrynaik_IND',b'India'
26-01-2022 05:20,"b""With pride in our hearts &amp; hope in our eyes, we salute our nation. Let's pledge to always uphold its integrity &amp; st\xe2\x80\xa6 https://t.co/kjFo50TtPe""",b'MSLGROUP_India',b'India'
26-01-2022 05:00,"b""After three doses of COVID vaccine, I still somehow managed to become positive. I haven't experienced myalgia like\xe2\x80\xa6 https://t.co/fdJQZA0qzz""",b'chaithrakodmad',"b'Bengaluru, India'"
26-01-2022 04:06,"b'Republic day celebrations make no sense if the public is not hale and hearty to exercise their rights. \n\nSo, this r\xe2\x80\xa6 https://t.co/qUp62dcl3p'",b'BeBigMouth_',"b'Mumbai, India'"
26-01-2022 03:45,b'Stay safe and stay healthy this Republic Day.\nSending you warm greetings of the day!\nRegards\nWagholi Helpdesk Team\xe2\x80\xa6 https://t.co/f6FKqSt9iG',b'WagholiHelpdesk',"b'Pune, India'"
26-01-2022 02:50,"b""@jdhankhar1 @ECISVEEP Dadu why don't you wear a mask? Are you above everything (law, health safety and pandemic pro\xe2\x80\xa6 https://t.co/3gq7Z7DOhW""",b'antobihin',"b'Kolkata, India'"
25-01-2022 19:16,b'Yesterday I reached that point in the pandemic where I almost showered with my mask(s?!) on. \xf0\x9f\x98\xb7\n\n#MaskUp #StaySafe',b'varshabargavi',"b'Bengaluru, India'"
25-01-2022 18:46,"b""Let's pledge to keep up this responsible behaviour and stay a committed republic, Mumbai! \n\n#MaskUp\xe2\x80\xa6 https://t.co/Q8iUYsf117""",b'grpmumbai',"b'Mumbai, India'"
25-01-2022 16:50,b'@Yveerangnayen Every living cell in your body is made from the food you eat. If you consistently eat junk food then\xe2\x80\xa6 https://t.co/ZGp4kCwtDu',b'SahareYashu',"b'Nagpur, India'"
25-01-2022 16:24,b'Gujarat: AMC Announces 15 New Micro Containment Zones\n\n#COVID19 #Gujarat #Ahmedabad #MaskUp #CoronaUpdate \nhttps://t.co/E9zM4n7YbQ',b'vibesofindia_',b'India'
25-01-2022 15:59,b'@mygovindia @MoHFW_INDIA @mansukhmandviya @PIB_India @MIB_India I hope peple too realise vaccination is not cure an\xe2\x80\xa6 https://t.co/MNWXi37cB9',b'Anup00Kumar',"b'Ranchi, India'"
25-01-2022 15:39,b'Keep an eye on symptoms. Get medical advice if needed.\n#MaskUp #SocialDistancing #GetVaccinatedNow #\xe0\xa4\xaa\xe0\xa5\x81\xe0\xa4\xa3\xe0\xa5\x87',b'VivekBarve3',b'India'
25-01-2022 15:30,b'Pepe Jeans wishes you a Happy Republic Day! \n#ChooseYourBlue\n\n#PepeJeansIndia #PepeIsOn #RepublicDay #TheNewBlue\xe2\x80\xa6 https://t.co/SMoTM9LBMl',b'PepeJeansIndia',b'India'
25-01-2022 14:05,b'#IndiaFightsCorona #Rajasthan\n25th Jan 22 #COVID19 6pm Bulletin\n\nPlz Keep #MaskUp\xf0\x9f\x98\xb7 &amp; #StaySafe\n\n9771 Positive Cases\xe2\x80\xa6 https://t.co/3UNdH9h7Oo',b'ritendra4u',"b'Jaipur, India'"
25-01-2022 13:43,b'@Yveerangnayen #Corona \n#YouthVeerangnayen\n#COVIDAppropriateBehaviour\n#Vaccinated\n#MaskUp\n#MaskUpIndia\xe2\x80\xa6 https://t.co/vuu5rKJlfQ',b'AnjaliR81849784',"b'Punjab, India'"
25-01-2022 13:15,b'@Yveerangnayen Great job done by youth veerangnayen during this pandemic.  Salute to youth veerangnayen \xf0\x9f\x91\x8f\xf0\x9f\x8f\xbb\xf0\x9f\x91\x8f\xf0\x9f\x8f\xbb\xf0\x9f\x91\x8d\xf0\x9f\x8f\xbb\xe2\x80\xa6 https://t.co/MlqQn49gBE',b'BajwanChhaya',"b'ROHTASH NAGAR , INDIA '"
25-01-2022 12:48,"b'Uttar Pradesh 11,583 #COVID19 cases in last 24 hours, 15 deaths. 18,875 has recovered.\nLucknow reported 1854 new ca\xe2\x80\xa6 https://t.co/pY0jY86MC3'",b'rmulko',"b'Lucknow, India'"
25-01-2022 12:38,"b'#Kerala Reports a number of 55,475 new cases with 70 death.\nTPR- 49.40%\n\n#StaySafe\n#MaskUp\xf0\x9f\x98\xb7\n#Cinephile https://t.co/JAR8rvHlEk'",b'RakeshRamachan',b'Thirssur.India'
25-01-2022 12:37,b'@Yveerangnayen Distributing mask is life saving service.we should do it all together.#Corona \n#YouthVeerangnayen\xe2\x80\xa6 https://t.co/8EFBXOaOe8',b'AshaJaspal4',"b'Panchkula, India'"
25-01-2022 11:55,b'Humari expertise eco-friendly re-usable masks hai. \n\n#SharkTankIndia #SharkTankIndiamemes #SharkTankmemes #MaskUp\xe2\x80\xa6 https://t.co/M0rIeJiCex',b'eumeworld_',b'India'
25-01-2022 11:28,b'@Yveerangnayen Great Work #Corona \n#YouthVeerangnayen\n#COVIDAppropriateBehaviour\n#Vaccinated\n#MaskUp\n#MaskUpIndia\xe2\x80\xa6 https://t.co/fGbgWMQE25',b'Shruti1669',b'India'
25-01-2022 11:26,"b""There might be a dip in #omicron cases but this doesn't mean we can let our guards down. #Maskup, #sanatize and mai\xe2\x80\xa6 https://t.co/yliC8ylwsC""",b'Sarvodaya_Care',"b'Faridabad, India'"
25-01-2022 10:31,b'@Yveerangnayen Appreciable work done by Youth Veerangnaye\n#Corona \n#YouthVeerangnayen\n#COVIDAppropriateBehaviour\xe2\x80\xa6 https://t.co/LmaX5Ge9zp',b'KiranGaba13',"b'Gurgaon, India'"
25-01-2022 09:46,b'Join #MaskUp on Tiki \n\nDownload Tiki app and enjoy content everyday \xf0\x9f\x8e\xa5 \xf0\x9f\x92\x95\nGoogle Play Link: https://t.co/olSLjQvHOE\nP\xe2\x80\xa6 https://t.co/h3YFhYUtRf',b'TikiAppOfficial',b'India '
25-01-2022 09:26,b'#MaskUp #MaskDown When Eating \xf0\x9f\xa4\x91',b'kaustubhlal_2',b'India'
25-01-2022 09:22,"b'@Yveerangnayen As the third wave of #Corona pandemic is hitting us hard, #YouthVeerangnayen are putting every effor\xe2\x80\xa6 https://t.co/8ptP2UvxgA'",b'khushalikalmkar',"b'Maharashtra, India'"
25-01-2022 08:38,"b'\xf0\x9f\x92\x89#Vaccination is critical to combat the #Covid19 Pandemic!\n\nIf you are 15 or older, make sure you #GetVaccinated.\xe2\x80\xa6 https://t.co/db55Mohn4e'",b'NITIAayog',"b'New Delhi, India'"
25-01-2022 07:12,"b""\xf0\x9f\x91\x87an important alert. Don't be misled when someone says #Omicron is 'just another viral fever'. Remember, it is stil\xe2\x80\xa6 https://t.co/8QVYp0FL01""",b'RameshPV2010',b'India / International '
25-01-2022 06:34,"b'#MiddayLifestyle | \n\n#Masks still save lives: As #thirdwave begins, a guide on why and how to #maskup \n\nVia: Nascim\xe2\x80\xa6 https://t.co/pnyJg5VEAK'",b'mid_day',"b'Mumbai, India'"
25-01-2022 06:26,b'Do not take the #covidvariant for granted.\n\nMake sure to wear a mask and maintain the social distancing.\n\n#COVID\xe2\x80\xa6 https://t.co/I800btWdkV',b'shosaifabad',"b'Hyderabad, India'"
25-01-2022 06:24,b'Even mild #COVID19 can cause brain dysfunction. So best to avoid catching #COVID infection. #MaskUp #Omicron https://t.co/wo068LY4qC',b'dr_hinduja',"b'Navi Mumbai, India'"
25-01-2022 06:21,b'Check out the bravehearts who continue to flout the Covid protocol in Kolkata and Howrah. #CovidProtocol #Masks\xe2\x80\xa6 https://t.co/xG8gp1d3Qm',b'TT_My_Kolkata',"b'Kolkata, India'"
25-01-2022 06:06,"b""Bilkul don't use these mask \xf0\x9f\x99\x8f\n#MaskUp \n#mask \n#writingprompts \n#WritingCommunity \n#writerscommunity https://t.co/s9wC4Hh6wT""",b'AnshikaRastog14',"b'Uttar Pradesh, India'"
25-01-2022 06:04,b'Covid-19: Elderly make up 84% of Mumbai\xe2\x80\x99s 3rd wave deaths. Stay safe #maskup https://t.co/h5mVwKqLsc',b'elder_india',"b'New Delhi, India'"
25-01-2022 02:34,b'Sometimes it takes a wrong turn to get you to the right place. Be not afraid of them if you are in one... have fait\xe2\x80\xa6 https://t.co/fMo1KxHeWr',b'harrynaik_IND',b'India'
24-01-2022 20:46,b'Let This Sink In\xe2\xa4\xb5\xef\xb8\x8f Masks Works\xe2\xa4\xb5\xef\xb8\x8f #MaskUp \xe2\xa4\xb5\xef\xb8\x8f\xe2\xa4\xb5\xef\xb8\x8f\xe2\xa4\xb5\xef\xb8\x8f\xe2\xa4\xb5\xef\xb8\x8f\xe2\xa4\xb5\xef\xb8\x8f\xe2\xa4\xb5\xef\xb8\x8f\xe2\xa4\xb5\xef\xb8\x8f\xe2\xa4\xb5\xef\xb8\x8f https://t.co/UPEIZxw4eQ',b'AgeAintAFactor2',"b'Usawan, India'"
24-01-2022 17:27,b'@rajeshtope11 @CMOMaharashtra @AUThackeray @OfficeofUT  @mybmc now i guess no one will be fined for not wearing\xe2\x80\xa6 https://t.co/LcL8k539Nf',b'Rhellboy19',"b'Mumbai, India'"
24-01-2022 17:01,b'@Yveerangnayen #Corona\n#medical help #YouthVeerangnayen\n#COVID_19\n#COVIDAppropriateBehaviour \n#IndiaFightsCOVID19\xe2\x80\xa6 https://t.co/1za80Kf4EY',b'EktaKhu27506519',"b'sirsa, India'"
24-01-2022 16:50,"b'WEAR MASK,\nSANITISE YOUR HANDS OFTEN IF YOU GO OUT FOR SHOPPING \xf0\x9f\x99\x8f\xf0\x9f\x99\x8f\xf0\x9f\x99\x8f\n#IndiaFightsCorona #MaskUp #covid\n@BJP4India\xe2\x80\xa6 https://t.co/LAV1kchH0a'",b'gopikrish1',"b'Tamil Nadu, India'"
24-01-2022 15:43,b'@Yveerangnayen #Corona\n#medical help #YouthVeerangnayen\n#COVID_19\n#COVIDAppropriateBehaviour \n#IndiaFightsCOVID19\xe2\x80\xa6 https://t.co/v2ESXrFjBl',b'AnjaliR81849784',"b'Punjab, India'"
24-01-2022 14:59,"b'@Yveerangnayen Yes, if you are Corona positive, you must isolate yourself at home and follow the guidelines.\xe2\x80\xa6 https://t.co/BA8aJ1o0NA'",b'sakshisharma852',"b'New Delhi, India'"
24-01-2022 14:57,b'Wear. Pose. Click \xf0\x9f\x93\xb8 \nShop your fav summer tops at https://t.co/7qatclPnfT \xf0\x9f\x92\x9b\n\n#PepeJeansIndia #PepeIsOn #TheNewBlue\xe2\x80\xa6 https://t.co/OMW1988siu',b'PepeJeansIndia',b'India'
24-01-2022 14:43,"b'The only NFT I want is No F*cking Transmission. Put on a mask, and get vaccinated ya dumbos!\n\n#Covid_19 \n#MaskUp \n#VaccinesWork'",b'ChattoSpeaks',b'India'
24-01-2022 14:30,b'#IndiaFightsCorona #Rajasthan\n24th Jan 22 #COVID19 6pm Bulletin\n\nPlz Keep #MaskUp\xf0\x9f\x98\xb7 &amp; #StaySafe\n\n9480 Positive Cases\xe2\x80\xa6 https://t.co/ni9PhJsMnJ',b'ritendra4u',"b'Jaipur, India'"
24-01-2022 14:03,b'@Yveerangnayen Every #Corona positive person in home isolation must know when to seek #medical help.\xe2\x80\xa6 https://t.co/uIuYczLsHU',b'khushalikalmkar',"b'Maharashtra, India'"
24-01-2022 13:29,"b'@Yveerangnayen Yes, if you are Corona positive, you must isolate yourself at home and follow the guidelines.\xe2\x80\xa6 https://t.co/oB9Me4MjCx'",b'Krati18323216',"b' Nangloi, New Delhi, India'"
24-01-2022 13:17,"b'@Yveerangnayen Keeping your body healthy is an expression of gratitude to the whole cosmos- the trees, the clouds,\xe2\x80\xa6 https://t.co/YfLZQvnYQe'",b'SahareYashu',"b'Nagpur, India'"
24-01-2022 13:10,"b'Wearing a mask is not only important, it\xe2\x80\x99s life-saving. Wear a MASK and Protect Yourself &amp; Others.\n\n#ambicam\xe2\x80\xa6 https://t.co/g5q8k4J9wU'",b'TheAmbicam',"b'Ahmadabad City, India'"
24-01-2022 13:00,"b'@Yveerangnayen With the rising number of cases of #Covid-19 and Omicron, it is necessary to #MaskUp and maintain 6\xe2\x80\xa6 https://t.co/V6Z7T1nDzv'",b'Jass_san7',"b'Kalol, India'"
24-01-2022 12:56,"b'@Yveerangnayen @WHO A fit, healthy body \xe2\x80\x93 that is the best fashion statement. #YouthVeerangnayen \n#Corona\n#COVID_19\xe2\x80\xa6 https://t.co/OyyfEVuWhn'",b'SahareYashu',"b'Nagpur, India'"
31-01-2022 15:30,b'Wear as much attitude as you want .. but don\xe2\x80\x99t forget to wear it with #Mask \nBe Safe .. Keep Everyone Safe..\xe2\x80\xa6 https://t.co/orDfvM57Rs',b'IamVinitaa',"b'Nagpur, India'"
31-01-2022 14:27,"b'#Enforcement update last 24hrs (dtd.30.1.2022). #RayagadaPolice collected Rs.72,500/- fine from 75 #traffic default\xe2\x80\xa6 https://t.co/jU0s03ZBwW'",b'sprayagada',"b'Rayagada, India'"
31-01-2022 14:11,b'Find a #mask \xf0\x9f\x98\xb7 that fits your face to ensure there are no gaps. #MaskUpWell and #DoItAll to protect and prevent\xe2\x80\xa6 https://t.co/aWyRWUiuXO',b'WHOSEARO',"b'New Delhi, India'"
31-01-2022 12:26,"b'LED Mobile Van Publicity on #Covid19  and #Covidvaccine awareness by FOB Dharmapuri at Orappam,Bargur,  Krishnagiri\xe2\x80\xa6 https://t.co/AhkFLNZynK'",b'BureauField',"b'Dharmapuri, India'"
31-01-2022 12:26,"b'LED Mobile Van Publicity on #Covid19  and #Covidvaccine awareness by FOB Dharmapuri at Orappam,Bargur,  Krishnagiri\xe2\x80\xa6 https://t.co/xP76mFbjnk'",b'BureauField',"b'Dharmapuri, India'"
31-01-2022 12:20,"b'LED Mobile Van Publicity on #Covid19  and #Covidvaccine awareness by FOB Dharmapuri at Varatanapalli,Bargur  Krishn\xe2\x80\xa6 https://t.co/t9XJz6ghQU'",b'BureauField',"b'Dharmapuri, India'"
31-01-2022 12:18,"b'LED Mobile Van Publicity on #Covid19  and #Covidvaccine awareness by FOB Dharmapuri at Varatanapalli,Bargur  Krishn\xe2\x80\xa6 https://t.co/0y9Gs4uMNl'",b'BureauField',"b'Dharmapuri, India'"
31-01-2022 11:25,"b""Article published in' Manasoli' and 'Malai Times' https://t.co/CX07eMdRoy via @YouTube \n\n#PMO #mask #reliance\xe2\x80\xa6 https://t.co/6EqOBmwA9p""",b'ststamilnadu',"b'Chennai, India'"
31-01-2022 10:06,b'Protection from the virus- Mask Distribution by DSS Volunteers following the pious teachings of Saint Dr.\xe2\x80\xa6 https://t.co/WBNBOhhKu3',b'DSSNewsUpdates',"b'Sirsa, India'"
31-01-2022 09:47,"b'LED Mobile Van Publicity on #Covid19  and #Covidvaccine awareness by FOB Dharmapuri at BRG Madepalli,Bargur  Krishn\xe2\x80\xa6 https://t.co/ZmE8VbWi83'",b'BureauField',"b'Dharmapuri, India'"
31-01-2022 09:42,"b'LED Mobile Van Publicity on #Covid19  and #Covidvaccine awareness by FOB Dharmapuri at VIP Nagar,Bargur  Krishnagir\xe2\x80\xa6 https://t.co/W0FLxVmIgp'",b'BureauField',"b'Dharmapuri, India'"
31-01-2022 09:39,"b'LED Mobile Van Publicity on #Covid19  and #Covidvaccine awareness by FOB Dharmapuri at Bargur Govt Hospital, Krishn\xe2\x80\xa6 https://t.co/3eIPA8vWfG'",b'BureauField',"b'Dharmapuri, India'"
31-01-2022 09:29,b'@DSSNewsUpdates @Gurmeetramrahim #corona #coronavirus #coronavirusindia #CoronaVirusUpdates\n#CoronavirusPandemic\xe2\x80\xa6 https://t.co/BRRLIyMpQU',b'25_riya_',"b'Punjab, India'"
31-01-2022 09:18,b'Protection from the virus- Mask Distribution by DSS Volunteers following the pious teachings of Saint Dr.\xe2\x80\xa6 https://t.co/d2KCpiUj7n',b'DSSNewsUpdates',"b'Sirsa, India'"
31-01-2022 07:11,b'The new mantra should take in account that #Covid is here to simmer and #lockdowns are hurting people in real mode.\xe2\x80\xa6 https://t.co/zNLMsMf8Rw',b'docanoopmisra',"b'New Delhi, India'"
31-01-2022 06:28,b'LED Mobile Van Publicity on #Covid19  and #Covidvaccine awareness by FOB Dharmapuri  near a #CovidVaccination camp\xe2\x80\xa6 https://t.co/BNr9nFiKCH',b'BureauField',"b'Dharmapuri, India'"
31-01-2022 06:23,"b'LED Mobile Van Publicity on #Covid19  and #Covidvaccine awareness by FOB Dharmapuri at MGR Nagar, Bargur, Krishnagi\xe2\x80\xa6 https://t.co/zTH1JBLlRN'",b'BureauField',"b'Dharmapuri, India'"
31-01-2022 06:22,b'@lateefbabla So they will without #Mask ?',b'PANDARAJATH',"b'Hyderabad, India'"
31-01-2022 06:18,"b'LED Mobile Van Publicity on #Covid19  and #Covidvaccine awareness by FOB Dharmapuri at Jagadevi, Bargur, Krishnagir\xe2\x80\xa6 https://t.co/amlu0efqxD'",b'BureauField',"b'Dharmapuri, India'"
31-01-2022 05:40,b'Our fight against #COVID19 is still on!\n\xf0\x9f\x9b\xa1\xef\xb8\x8fKeep following #COVIDAppropriateBehaviour \xf0\x9f\x91\x87\n\xe2\x9c\x85Always wear a #mask\n\xe2\x9c\x85Wash/sa\xe2\x80\xa6 https://t.co/ViePBqafUw',b'dcmohali',"b'Mohali, India'"
31-01-2022 05:29,b'\xf0\x9f\x94\x8e 25 Hours | #Protection When #Both #People Are #Wearing Fit-Tested #N95 #Respirators\n\n\xe2\x9a\xa0\xef\xb8\x8f Comparing...\n\xf0\x9f\x94\xb9 #Cloth Mas\xe2\x80\xa6 https://t.co/1jq57B3MTA',b'jiGNONYM',b'India'
31-01-2022 05:05,"b'Our #COVIDAwareness campaign #ShieldUp kicks off in Banka (Bihar), Godda &amp; Pakur (Jharkhand) districts where we wil\xe2\x80\xa6 https://t.co/DXuiDtA2gN'",b'RiseIndia2030',b'India'
31-01-2022 01:50,"b'Keeping in mind the ongoing #Covid19 #pandemic, #Techno #Rotaract #Club organised a #public #mask distribution\xe2\x80\xa6 https://t.co/wxljyYtDLL'",b'TECHNOGROUP2',"b'LUCKNOW, UTTAR PRADESH, INDIA'"
30-01-2022 16:12,"b'#Enforcement update last 24hrs (dtd.29.1.2022). #RayagadaPolice collected Rs.88,000/- fine from 100 #traffic defaul\xe2\x80\xa6 https://t.co/tZ3SjmtEue'",b'sprayagada',"b'Rayagada, India'"
30-01-2022 13:49,b'A person in public without a mask during a pandemic is a walking septic tank \n#jamesmehan \n #pendamic #mask\xe2\x80\xa6 https://t.co/zzphx84Fuy',b'jamesmehan007',"b'Kendujhar, India'"
30-01-2022 13:20,"b'On Feb 4 2020 just a month before his 60 Minutes interview and 2 months before #CDC, with #Fauci\xe2\x80\x99s support, changed\xe2\x80\xa6 https://t.co/B7yTBpuYWP'",b'GreatGameIndia',b'India'
30-01-2022 13:18,"b'LED Mobile Van Publicity on #Covid19  and #Covidvaccine awareness by FOB Dharmapuri at Tank Street, Hosur, Krishnag\xe2\x80\xa6 https://t.co/yRQu4uamxD'",b'BureauField',"b'Dharmapuri, India'"
30-01-2022 13:15,"b'LED Mobile Van Publicity on #Covid19  and #Covidvaccine awareness by FOB Dharmapuri at Vikas Nagar, Hosur, Krishnag\xe2\x80\xa6 https://t.co/SCBSlF8jib'",b'BureauField',"b'Dharmapuri, India'"
30-01-2022 13:13,"b'LED Mobile Van Publicity on #Covid19  and #Covidvaccine awareness by FOB Dharmapuri at Kothakondapalli, Hosur, Kris\xe2\x80\xa6 https://t.co/W3g5OcBKYr'",b'BureauField',"b'Dharmapuri, India'"
30-01-2022 12:39,"b'LED Mobile Van Publicity on #Covid19  and #Covidvaccine awareness by FOB Dharmapuri at Gejjalnaickenpatty, Panamara\xe2\x80\xa6 https://t.co/hpRVGrl0JT'",b'BureauField',"b'Dharmapuri, India'"
30-01-2022 12:38,"b'LED Mobile Van Publicity on #Covid19  and #Covidvaccine awareness by FOB Dharmapuri at Nazhikkalpatty, Panamarathup\xe2\x80\xa6 https://t.co/17e1RU5gif'",b'BureauField',"b'Dharmapuri, India'"
30-01-2022 11:18,"b'LED Mobile Van Publicity on #Covid19  and #Covidvaccine awareness by FOB Dharmapuri at Gandhi Nagar ASTC Hudco, Hos\xe2\x80\xa6 https://t.co/60X7xvWoez'",b'BureauField',"b'Dharmapuri, India'"
30-01-2022 11:15,"b'LED Mobile Van Publicity on #Covid19  and #Covidvaccine awareness by FOB Dharmapuri at Surya Nagar,Hosur, Krishnagi\xe2\x80\xa6 https://t.co/oRluZkoRU3'",b'BureauField',"b'Dharmapuri, India'"
30-01-2022 11:12,"b'LED Mobile Van Publicity on #Covid19  and #Covidvaccine awareness by FOB Dharmapuri at Maruti Nagar Dharga,Hosur, K\xe2\x80\xa6 https://t.co/YpMZlqCsBw'",b'BureauField',"b'Dharmapuri, India'"
30-01-2022 11:08,"b'LED Mobile Van Publicity on #Covid19  and #Covidvaccine awareness by FOB Dharmapuri at NGGOS colony,Hosur, Krishnag\xe2\x80\xa6 https://t.co/jpvN7tllfp'",b'BureauField',"b'Dharmapuri, India'"
30-01-2022 08:11,b'Decision on reopening MP schools to be taken after consulting #experts: CM #ShivrajSinghChouhan\n#MadhyaPradesh\xe2\x80\xa6 https://t.co/N26rrMVNEM',b'the_news_21',"b'Mumbai, India'"
30-01-2022 07:13,"b'LED Mobile Van Publicity on #Covid19  and #Covidvaccine awareness by FOB Dharmapuri at KCC Nagar,Hosur, Krishnagiri\xe2\x80\xa6 https://t.co/wjvvH7eNXi'",b'BureauField',"b'Dharmapuri, India'"
30-01-2022 07:08,"b'LED Mobile Van Publicity on #Covid19  and #Covidvaccine awareness by FOB Dharmapuri at Bagalur road, near Samathuva\xe2\x80\xa6 https://t.co/fPGkaKCOlw'",b'BureauField',"b'Dharmapuri, India'"
30-01-2022 06:55,"b'LED Mobile Van Publicity on #Covid19  and #Covidvaccine awareness by FOB Dharmapuri at Amanikondalampatty, Panamara\xe2\x80\xa6 https://t.co/M4IH6Ewi1S'",b'BureauField',"b'Dharmapuri, India'"
30-01-2022 06:51,"b'LED Mobile Van Publicity on #Covid19  and #Covidvaccine awareness by FOB Dharmapuri at Nieckarapatty, Panamarathupa\xe2\x80\xa6 https://t.co/lmtv6rBLdD'",b'BureauField',"b'Dharmapuri, India'"
30-01-2022 06:12,"b'LED Mobile Van Publicity on #Covid19  and #Covidvaccine awareness by FOB Dharmapuri at Kamaraj Nagar, Hosur, Krishn\xe2\x80\xa6 https://t.co/ZRTTHcNAtY'",b'BureauField',"b'Dharmapuri, India'"
30-01-2022 06:10,"b'LED Mobile Van Publicity on #Covid19  and #Covidvaccine awareness by FOB Dharmapuri at Balaji Nagar, Hosur, Krishna\xe2\x80\xa6 https://t.co/BST9vFKUkA'",b'BureauField',"b'Dharmapuri, India'"
30-01-2022 05:45,b'Stay safe so you can continue having #fun at the safest entertainment hub in town! Remember to scrub your hands tho\xe2\x80\xa6 https://t.co/jXR7a4mSPS',b'funcity_india',b'India'
30-01-2022 04:50,b'Hand Sanitizer Dispenser\n\nMPG Hardware\nCall Us @9871220066 or 9211711001\nhttps://t.co/Hn4GiVaUGt\n\n#modular #kitchen\xe2\x80\xa6 https://t.co/IXQoTA056Z',b'mpghardwareofc',"b'New Delhi, India'"
29-01-2022 19:32,"b'@PMCPune Suggest if #schools to be reopened in #Pune, #PMC should form flying squads to randomly check observance o\xe2\x80\xa6 https://t.co/1JtEdu2hLh'",b'parpalpkj',b'Spiritual Abode - India'
29-01-2022 19:02,"b'@sudhirmehtapune Suggest whereever #schools to be reopened,local/state administration should form flying squads to\xe2\x80\xa6 https://t.co/Dolfk5jv15'",b'parpalpkj',b'Spiritual Abode - India'
29-01-2022 17:34,"b'Glimpses - Early days of my painting , Part -1\n\n#avikoart #pune #jodhpur #african #bhilwara #kalahari #hunter #lion\xe2\x80\xa6 https://t.co/xY8Cry0eps'",b'avikoart',"b'Pune, India'"
29-01-2022 16:01,b'Congratulations to everyone who made #Furball a raging success! \n\n#Mask-Querade #ProtectPurdue #MasksON\xe2\x80\xa6 https://t.co/1xUZ6qxBlL',b'pucvm',"b'West Lafayette, Indiana'"
29-01-2022 14:43,"b'#Enforcement update last 24hrs (dtd.28.1.2022). #RayagadaPolice collected Rs.63,000/- fine from 75 #traffic default\xe2\x80\xa6 https://t.co/oA5hA7UZTJ'",b'sprayagada',"b'Rayagada, India'"
29-01-2022 13:20,"b'""Love is in the air, but so is #COVID-19 covid. Do wear a #mask.""\n\nTeam Swapna has been  successfully launching awa\xe2\x80\xa6 https://t.co/McAY58Vw8m'",b'OurSwapna',"b'Lucknow, India'"
29-01-2022 12:13,"b'LED Mobile Van Publicity on #Covid19  and #Covidvaccine awareness by FOB Dharmapuri at Mettupatti toll gate, Ayothi\xe2\x80\xa6 https://t.co/0pKR3q6OfE'",b'BureauField',"b'Dharmapuri, India'"
29-01-2022 12:11,"b'LED Mobile Van Publicity on #Covid19  and #Covidvaccine awareness by FOB Dharmapuri at Karipatti PHC, Ayothiyapatti\xe2\x80\xa6 https://t.co/utHkMaHy7R'",b'BureauField',"b'Dharmapuri, India'"
29-01-2022 11:22,"b'LED Mobile Van Publicity on #Covid19  and #Covidvaccine awareness by FOB Dharmapuri at Mohan Rao Colony, Krishnagir\xe2\x80\xa6 https://t.co/6p9NSk2rU0'",b'BureauField',"b'Dharmapuri, India'"
29-01-2022 11:11,"b'LED Mobile Van Publicity on #Covid19  and #Covidvaccine awareness by FOB Dharmapuri at Jakkappan Nagar 8th cross, K\xe2\x80\xa6 https://t.co/icbmYLQbvP'",b'BureauField',"b'Dharmapuri, India'"
29-01-2022 09:33,"b'LED Mobile Van Publicity on #Covid19   awareness by FOB Dharmapuri at Valasaiyur,Ayothiapattinam, Salem. Medical Of\xe2\x80\xa6 https://t.co/XI5KJ8iCeI'",b'BureauField',"b'Dharmapuri, India'"
29-01-2022 09:24,"b'LED Mobile Van Publicity on #Covid19  and #Covidvaccine awareness by FOB Dharmapuri at Kuppanur village,Ayothiapatt\xe2\x80\xa6 https://t.co/TYL5ECovRA'",b'BureauField',"b'Dharmapuri, India'"
29-01-2022 09:13,"b'LED Mobile Van Publicity on #Covid19  and #Covidvaccine awareness by FOB Dharmapuri at Gandhi Nagar, Krishnagiri.Aw\xe2\x80\xa6 https://t.co/axu2magA6S'",b'BureauField',"b'Dharmapuri, India'"
29-01-2022 09:08,"b'LED Mobile Van Publicity on #Covid19  and #Covidvaccine awareness by FOB Dharmapuri at Periyar Nagar, Krishnagiri.A\xe2\x80\xa6 https://t.co/wgxKJOIGST'",b'BureauField',"b'Dharmapuri, India'"
29-01-2022 09:05,"b'LED Mobile Van Publicity on #Covid19  and #Covidvaccine awareness by FOB Dharmapuri at  Sathya sai Nagar, Krishnagi\xe2\x80\xa6 https://t.co/SNLfdYOQJB'",b'BureauField',"b'Dharmapuri, India'"
29-01-2022 09:02,b'LED Mobile Van Publicity on #Covid19  and #Covidvaccine awareness by FOB Dharmapuri at  Tamilnadu Housing Board Pha\xe2\x80\xa6 https://t.co/INWy9tWABd',b'BureauField',"b'Dharmapuri, India'"
29-01-2022 08:59,b'LED Mobile Van Publicity on #Covid19  and #Covidvaccine awareness by FOB Dharmapuri at  Tamilnadu Housing Board Pha\xe2\x80\xa6 https://t.co/W6tVMu9hqU',b'BureauField',"b'Dharmapuri, India'"
29-01-2022 08:06,b'LED Mobile Van Publicity on #Covid19  and #Covidvaccine awareness by FOB Dharmapuri at  Tamilnadu Housing Board Pha\xe2\x80\xa6 https://t.co/vOqSwYq6QN',b'BureauField',"b'Dharmapuri, India'"
29-01-2022 07:11,b'Going out for work\nremember this task -\n#Jodhpur #Police #mask #sanitizer #SocialDistancing \n#COVID19 #coronavirus https://t.co/kP9NnpNGLJ',b'CP_Jodhpur',"b'Jodhpur, India'"
29-01-2022 06:39,"b""We have India's Best and tech savy. Engineers in our Unit, Highest Standards. \nIndia's Most Premium Surgical Mask B\xe2\x80\xa6 https://t.co/0UhZnEHPy6""",b'Amit_sapamHC',"b'New Delhi, India'"
29-01-2022 05:55,b'Non Woven Fabric Roll for Medical &amp; Healthcare \n\n#winteknonwoven #nonwoven #mask #disposablecloth #surgicalgloves\xe2\x80\xa6 https://t.co/X8hJa0HVZr',b'WintekNonWoven',"b'Rajkot, Gujarat (INDIA)'"
29-01-2022 03:45,"b'@anubha1812 @IndiaAheadNews Mam, suggest if wherever #schools to be reopened, local/state administration should for\xe2\x80\xa6 https://t.co/uk4zERkjoO'",b'parpalpkj',b'Spiritual Abode - India'
28-01-2022 22:50,"b""Testing iOS 15.4's New Face ID With a Mask Feature #154s #AppleNews #face #Feature #Featured #iOS #ios15 #Mask\xe2\x80\xa6 https://t.co/AmmPS13E6U""",b'indianmotivati1',b'India'
28-01-2022 18:03,b'Apple will finally let #people to #unlock their #iPhone with #FaceID even when they are wearing a #mask \n\n#Apple\xe2\x80\xa6 https://t.co/eDzkvZYSfU',b'inscoop_in',b'India'
28-01-2022 16:08,"b'#Enforcement update last 24hrs (dtd.26-27.1.2022). #RayagadaPolice collected Rs.89,000/- fine from 114 #traffic def\xe2\x80\xa6 https://t.co/kYeA6vank0'",b'sprayagada',"b'Rayagada, India'"
28-01-2022 12:23,b'Our fight against #COVID19 is still on!\n\xf0\x9f\x9b\xa1\xef\xb8\x8fKeep following #COVIDAppropriateBehaviour \xf0\x9f\x91\x87\n\xe2\x9c\x85Always wear a #mask\n\xe2\x9c\x85Wash/sa\xe2\x80\xa6 https://t.co/HVJyn0aasv',b'dcmohali',"b'Mohali, India'"
28-01-2022 11:25,"b'LED Mobile Van Publicity on #Covid19  and #Covidvaccine awareness by FOB Dharmapuri at Kannantheri village, Salem.A\xe2\x80\xa6 https://t.co/8YjsO6QifR'",b'BureauField',"b'Dharmapuri, India'"
28-01-2022 11:13,b'Walk out in confidence wearing the safety gear of the champions.\n\nGet Zero Risque coveralls and face covers and win\xe2\x80\xa6 https://t.co/QFhpxJ2u0j',b'ZeroRisque',"b'Mumbai 400059, India'"
28-01-2022 10:27,"b'LED Mobile Van Publicity on #Covid19  and #Covidvaccine awareness by FOB Dharmapuri at Ernapuram village, Salem\xe2\x80\xa6 https://t.co/HF80nVBdiL'",b'BureauField',"b'Dharmapuri, India'"
28-01-2022 10:25,"b'LED Mobile Van Publicity on #Covid19  and #Covidvaccine awareness by FOB Dharmapuri at Ernapuram village, Salem\xe2\x80\xa6 https://t.co/hFFSOLGVvV'",b'BureauField',"b'Dharmapuri, India'"
28-01-2022 09:41,"b'LED Mobile Van Publicity on #Covid19  and #Covidvaccine awareness by FOB Dharmapuri at Magudanchavady, Salem\xe2\x80\xa6 https://t.co/EQLbX241BO'",b'BureauField',"b'Dharmapuri, India'"
28-01-2022 08:18,b'The #COVID19 pandemic is still around. #ItsOnUs to #StopTheSpread. \n\n#HandHygiene #handsanitizer #mask #breakchains\xe2\x80\xa6 https://t.co/jzQpFuG7TL',b'SPREADH56668153',"b'Orissa, India'"
28-01-2022 07:46,b'Face ID Now work with Mask on\niOS 15.4 Update! \n#iOS #FaceID #iPhone #iOS154 #Mask',b'TechieSAM_yt',"b'Tamil Nadu, India'"
28-01-2022 06:36,b'Control Print Limited Receives USFDA Clearance For Commercial Distribution Of 3 Ply Surgical Masks In The United St\xe2\x80\xa6 https://t.co/rnXpXREzju',b'HealthwireMedia',"b'New Delhi, India'"
28-01-2022 06:36,b'Republic Day Celebrations https://t.co/1EjZZFSpYo via @YouTube \n\n#PMO #mask #reliance #Chennai #IDRF #bjp #iraianbu\xe2\x80\xa6 https://t.co/ex4hbVZN5w',b'ststamilnadu',"b'Chennai, India'"
28-01-2022 04:38,b'Thank you sir @coachshabbir \nShabbir Ali Football Academy \n#mask \xf0\x9f\x98\xb7 https://t.co/lPLrK1fa7B',b'khwajamoinddin',"b'Hyderabad, India'"
28-01-2022 01:47,b'BE CAREFUL BE AWARE\n#cctv #security #services #virus27jan #virus #mask #coronavirus \n\nULTIMATE SOLUTION HOSHIARPUR\xe2\x80\xa6 https://t.co/UlBRPOh1tz',b'Ultimat27992854',"b'Hoshiarpur, India'"
27-01-2022 21:30,b'#OmicronInIndia | #Children between 6-11 years of age may wear a mask depending on their ability to know to wear th\xe2\x80\xa6 https://t.co/AgFb04IRBy',b'Outlookindia',"b'New Delhi, India'"
27-01-2022 17:11,"b'@sambitswaraj He followed protocol with #mask  then removed it at time of lunger, mr patra so called doctor only sp\xe2\x80\xa6 https://t.co/19QWtwR7go'",b'singhDevIN9',b'India'
27-01-2022 16:37,b'Where is #corona in #Election\nRally.. Earlier in #Bengal and now in #UPElections2022 ????? Without #mask politician\xe2\x80\xa6 https://t.co/lVmKcAgXfY',b'TheJyotirmoy',b'INDIA'
27-01-2022 12:44,"b'LED Mobile Van Publicity on #Covid19  and #Covidvaccine awareness by FOB Dharmapuri at Tholasampatti,Omallur block,\xe2\x80\xa6 https://t.co/EjTCgBH8yJ'",b'BureauField',"b'Dharmapuri, India'"
27-01-2022 10:41,"b""I agree, #traffic on #IndiaGate can cause him #respiratory problems, should have provided him #Mask atleast. It's b\xe2\x80\xa6 https://t.co/85hXkP9UJu""",b'Saracasmatic',"b'Bengaluru, India'"
27-01-2022 09:08,b'Quiz Competition held as part of Republic Day Celebrations https://t.co/YjyvhYr2eX via @YouTube \n\n#PMO #mask\xe2\x80\xa6 https://t.co/BZBMD02qdB',b'ststamilnadu',"b'Chennai, India'"
27-01-2022 08:57,"b""Sad to see @republic @CHARANJITCHANNI also doesn't use #mask while with @RahulGandhi in fact. 90 percent of the fol\xe2\x80\xa6 https://t.co/BGrMb9ZkVA""",b'I_am_sago',"b'Pune, India'"
27-01-2022 08:35,b'@lakshy20 @Saurabh07152985 True. What if any child lowers mask seeing any Guru not wearing it at anytime? Regular r\xe2\x80\xa6 https://t.co/bZnjXx6ObQ',b'parpalpkj',b'Spiritual Abode - India'
27-01-2022 08:33,b'Republic Day Celebrations https://t.co/pDcPbw1F1u via @YouTube \n\n#PMO #mask #reliance #Chennai #IDRF #bjp #iraianbu\xe2\x80\xa6 https://t.co/YoFaO6AbE5',b'ststamilnadu',"b'Chennai, India'"
27-01-2022 06:26,b'Republic day celebrations at various centers https://t.co/0bgtQnbnIu via @YouTube \n\n#PMO #mask #reliance #Chennai\xe2\x80\xa6 https://t.co/YetArqJIn3',b'ststamilnadu',"b'Chennai, India'"
27-01-2022 05:37,b'#Researchers developed a way to track your #health through a face #mask \xf0\x9f\x98\xb7\n\n\xf0\x9f\x8e\xa5 @mashable\n\n@HealthcareLdr\xe2\x80\xa6 https://t.co/BfqqoyKaYF',b'CurieuxExplorer',"b'Mumbai, India'"
27-01-2022 04:36,b'Stay protect from corona... Where a masks to protect from corona and omicron #mask #covid_19 #corona #covidindia\xe2\x80\xa6 https://t.co/C37VjXd3As',b'SIDDIQUITECH',b'India'
27-01-2022 03:42,b'Fight with Coronavirus keep maintaining Social Distance \nBE AWARE BE CAREFUL BE STRONG \n\n#corona #virus #mask\xe2\x80\xa6 https://t.co/DZ4kWU9HT0',b'Ultimat27992854',"b'Hoshiarpur, India'"
27-01-2022 03:31,b'Japanese Oni Mask Skinpad Tattoo done by me. #japanese #mask #skinpadtattoo #tattoo #japanesetattoo #japanese\xe2\x80\xa6 https://t.co/l1Prnal5eA',b'sanjay_bobonga',"b'Ranchi, India'"
26-01-2022 11:29,b'Publicity Jivi :Photos of #Modi  Deliberately clicked from Such an Angle So that his Face is Visible .Both Rastrapa\xe2\x80\xa6 https://t.co/igjDORncsq',b'madhusudan41',b'Maharashtra. India'
26-01-2022 09:56,"b'I suggest all the #Country to fight maintaining #Covid_19 protocols... Wear #mask, maintain #socialdistancing durin\xe2\x80\xa6 https://t.co/dO321v96CH'",b'TheJyotirmoy',b'INDIA'
26-01-2022 08:19,"b""Let's revive the responsible citizen in ourselves and celebrate the glory of the nation by wearing a #MASK and stay\xe2\x80\xa6 https://t.co/PaI60QU2cJ""",b'raghu_yeadala',"b'Vishakhapatnam, India'"
26-01-2022 08:09,"b'#Enforcement update last 24hrs (dtd.25.1.2022). #RayagadaPolice collected Rs.78,300/- fine from 82 #traffic default\xe2\x80\xa6 https://t.co/IoNGSqiBdf'",b'sprayagada',"b'Rayagada, India'"
26-01-2022 07:25,"b""During #Parade our Hon'ble #PrimeMinister and other Ministers were not wearing facemask. Even the President of Indi\xe2\x80\xa6 https://t.co/07dxxdPiE8""",b'bhavika_kohli',"b'New Delhi, India'"
26-01-2022 06:56,b'National Health security\xe2\x80\xa6 is the #Mask \n\n#RepublicDayIndia https://t.co/I1wK992UlL',b'RohitEditorji',"b'Noida, India'"
26-01-2022 05:10,"b'On this occasion, Zero Risque honours our diverse homeland and proudly reinstates that it is a mask of India, made\xe2\x80\xa6 https://t.co/tdrneeCzCp'",b'ZeroRisque',"b'Mumbai 400059, India'"
26-01-2022 04:52,b'Happy #RepublicDay\xc2\xa0 everyone!\n\nWear your #mask \nGet #vaccinated\n\nLet us together strengthen India\xe2\x80\x99s determination t\xe2\x80\xa6 https://t.co/clfHPQhqlj',b'DrMahesh_AIIMS',b'New Delhi India '
26-01-2022 04:32,b'Happy #RepublicDay everyone!\n\nWear your #mask \nGet #vaccinated\n\nLet us together strengthen India\xe2\x80\x99s determination to\xe2\x80\xa6 https://t.co/w0kJd84Pl8',b'iam_rt007',"b'Raipur, India'"
26-01-2022 04:00,b'Happy #RepublicDay Everyone. . \xf0\x9f\x99\x8f\xf0\x9f\x99\x8f\n\nWear your #mask \nGet #vaccinated\nLet us together strengthen India\xe2\x80\x99s determinatio\xe2\x80\xa6 https://t.co/Yq14kNGXfM',b'surbhigupta2510',"b'New Delhi, India'"
26-01-2022 03:40,"b'\xf0\x9f\x93\xb7 Happy Republic Day to all. Wear mask, avoid public gatherings, stay safe. #happy #republicday #wednesday #morning\xe2\x80\xa6 https://t.co/tYRg5RXhkb'",b'FollowAsutosh',"b'Indore, India'"
26-01-2022 02:16,b'Happy #RepublicDay everyone!\n\nWear your #mask \nGet #vaccinated\n\nLet us together strengthen India\xe2\x80\x99s determination to\xe2\x80\xa6 https://t.co/8hNUhjApuz',b'PriyankaJShukla',"b'Raipur, India'"
25-01-2022 17:56,b'Is It Better To Wear An N95 Or Cloth Mask Right Now? #covid #mask #covid19  https://t.co/AAdN9IU6CP',b'iamankitshah1',b'India'
25-01-2022 15:47,"b'#Enforcement update last 24hrs (dtd.24.1.2022). #RayagadaPolice collected Rs.60,400/- fine from 79 #traffic default\xe2\x80\xa6 https://t.co/inqFBOB9aV'",b'sprayagada',"b'Rayagada, India'"
25-01-2022 12:01,"b'Kehndi hundi si..\nHun ta #mask laga le! \xf0\x9f\x98\xb7\n\n#COVIDAppropriateBehaviour Pasand Mainu, Ohnu tu apna le!\xf0\x9f\x91\x87\n\n\xe2\x9c\x85Always wear\xe2\x80\xa6 https://t.co/GATW5gXWmp'",b'PIBRaipur',"b'Raipur, India'"
25-01-2022 10:56,"b'Birthday party celebration at the ""TR Chadha &amp; Co LLP"" office with all the covid guidelines\n\n#Chocolate truffle cak\xe2\x80\xa6 https://t.co/smbPicT4EP'",b'KplThapa',"b'Gurgaon, India'"
25-01-2022 09:30,"b'Get my #BoosterDose !!\nJust with in one year of my first dose, got the 3rd #booster today. \nLucky me that I still h\xe2\x80\xa6 https://t.co/fVP07icBsW'",b'Mukesh_Rawal19',b'India'
25-01-2022 08:25,"b'Field Visit Report of Tiruvalankadu-1, 3 and Pallipet Schools https://t.co/dlgrqVvPVr via @YouTube \n\n #PMO #mask\xe2\x80\xa6 https://t.co/LmEcdDNbUi'",b'ststamilnadu',"b'Chennai, India'"
25-01-2022 07:45,b'That\xe2\x80\x99s the only way we\xe2\x80\x99ll triumph over this pandemic! Wear a mask in public and help curb the spread of COVID-19. I\xe2\x80\xa6 https://t.co/2tPUfekxY4',b'COVResourcesIn',b'India'
25-01-2022 06:47,"b'Distribution of Infant Dresses at Public Health Centre, West Mambalam, C... https://t.co/me15y4m1Q5 via @YouTube\xe2\x80\xa6 https://t.co/wwkfG0BZbh'",b'ststamilnadu',"b'Chennai, India'"
25-01-2022 04:54,"b'The one who showed me the way, ......\nThe one who encouraged me, ...\nThe one who connected me with my dreams, ...\nI\xe2\x80\xa6 https://t.co/nPKYpIbsMN'",b'triyan_sh',"b'Udaipur, India'"
25-01-2022 02:15,"b'NEW - State #SupremeCourt judge ruled #NewYork\'s #mask mandate ""unconstitutional,"" and declared it ""null, void and\xe2\x80\xa6 https://t.co/mTMtSKfLkS'",b'newsbluntmedia',b'India'
25-01-2022 01:30,"b'Stopping the spreadstarts with you . So wear mask be safe and secure.\n.\n.\n.\nContact us at:+91-9911330419, 011-41670\xe2\x80\xa6 https://t.co/0Flgsm3YiJ'",b'digitalpardeepp',"b'New Delhi, India'"
24-01-2022 15:43,"b""Please don't get runout of ur life #WearAMask stay safe stay indoors please we want to get back to normal #Covid_19 #mask #vaccine""",b'KiranNaall',"b'Khammam, India'"
24-01-2022 12:19,b'.@mngl_in #MNGL\n#mahanagarNaturalGasLtd \nYour new line installation staff entered my flat at #Nashik without #mask\xe2\x80\xa6 https://t.co/QhoViuJaKY',b'AKLalB',b'Bharat (India)'
24-01-2022 08:20,"b'#Enforcement update last 24hrs (dtd.23.1.2022). #RayagadaPolice collected Rs.3,53,827/- fine from 123 #traffic defa\xe2\x80\xa6 https://t.co/lGu1WjyWk5'",b'sprayagada',"b'Rayagada, India'"
24-01-2022 08:00,b'#Omicron Scare: Is your cloth #mask good enough to keep #COVID19 at bay?\n\nhttps://t.co/wboZDRJ9wu',b'MumbaiLiveNews',"b'Mumbai, India'"
24-01-2022 07:41,b'We want to help you stay protected in every way possible with relevant information regarding the situation. \n\nKeep\xe2\x80\xa6 https://t.co/veJWUuGicY',b'ZeroRisque',"b'Mumbai 400059, India'"
24-01-2022 04:29,b'N95 Face Mask (Pack of 6) + Wipes (72 Wipes) At Rs.122: #n95 #face #mask #wipes #sale #loot #freekaamaal\xe2\x80\xa6 https://t.co/S9cMtTUFRi',b'FreeKaaMaal',"b'Noida, India'"
23-01-2022 20:06,b'2 Years ago TODAY.. \n#WHO announced #Covid as #WorldPandemic\n#Wuhan was put into #lockdown..\n\nWe know what #PmModi\xe2\x80\xa6 https://t.co/G6Qv48ciAy',b'PonnalaLaksmiah',"b'Hyderabad, India'"
23-01-2022 16:29,b'Mask make men and women more attractive!\n\nImages of men wearing a blue medical face mask perceived as being the mos\xe2\x80\xa6 https://t.co/PACRBPflhd',b'narottamsahoo',"b'Gandhinagar, India'"
23-01-2022 16:14,"b'#Enforcement update last 24hrs (dtd.22.1.2022). #RayagadaPolice collected Rs.91,000/- fine from 80 #traffic default\xe2\x80\xa6 https://t.co/aWB6Peadjn'",b'sprayagada',"b'Rayagada, India'"
23-01-2022 14:59,b'.@mngl_in #MNGL\n#mahanagarNaturalGasLtd \nYour new line installation staff entered my flat at #Nashik without #mask\xe2\x80\xa6 https://t.co/J8VJaWo8Rb',b'AKLalB',b'Bharat (India)'
31-01-2022 12:16,b'By the way \nDoes this @m8arteta have Kids?\nJust to remember i did it for my son few Times and i will do it again \nI\xe2\x80\xa6 https://t.co/9oaQb7hWyD',b'afc_anubhav',"b'Pune | Bhubaneshwar, India'"
30-01-2022 08:48,b'How do you feel to smell your own breadth? #maskon',b'ks_duskydiamond',b'India'
29-01-2022 03:56,b'Stylish #NazriyaNazim \xf0\x9f\x92\x97\xf0\x9f\x98\x8e reminding us to #WearAMask \xf0\x9f\x98\xb7 &amp; #StaySafe \xe2\x9c\xa8\n\n#AnteSundaraniki #MaskOn \xf0\x9f\x98\xb7 #Tollywood\xe2\x80\xa6 https://t.co/l8DoZCvL6H',b'FilmybuzzIndia',"b'Hyderabad, India'"
29-01-2022 03:55,b'Stylish #NazriyaNazim \xf0\x9f\x92\x97\xf0\x9f\x98\x8e reminding us to #WearAMask \xf0\x9f\x98\xb7 &amp; #StaySafe \xe2\x9c\xa8\n\n#AnteSundaraniki #MaskOn \xf0\x9f\x98\xb7 #Tollywood\xe2\x80\xa6 https://t.co/d1lV2QcRgd',b'FilmybuzzIndia',"b'Hyderabad, India'"
28-01-2022 15:01,b'Gujarat: AMC Identifies 10 New Containment Zones In City\n\nhttps://t.co/KboBbZOd2S\n\n#Gujarat #ContainmentZone\xe2\x80\xa6 https://t.co/PLBAqJtvfr',b'vibesofindia_',b'India'
28-01-2022 02:51,b'Hong Kong Reduces Quarantine Period For Travelers To 14 Days From 21\n\nhttps://t.co/3PRLed1Yqw\n\n#Hongkong\xe2\x80\xa6 https://t.co/KwyyuMeJ30',b'vibesofindia_',b'India'
25-01-2022 14:49,"b'Gujarat Reports 16,608 New Covid Cases, 28 Deaths In Past 24 Hours\n\nhttps://t.co/rIaoexN8DG\n\n#Gujaratcorona\xe2\x80\xa6 https://t.co/D2JT0EzDAq'",b'vibesofindia_',b'India'
24-01-2022 18:52,b'Foggy winter evening walk on near empty roads \xf0\x9f\x8c\xab\xef\xb8\x8f\xf0\x9f\x8c\xa7\xef\xb8\x8f\xf0\x9f\xa5\xb6\n#eveningwalk #winterwalk #foggy #WINTER #MaskOn https://t.co/xzvRSQpXWi',b'nilanjanacharya',b'India'
24-01-2022 14:22,b'Click And Edit. \n\n#ck_satyam  #puma #maskon https://t.co/eOX5o5YooW',b'satyamchulbulk1',"b'Maharashtra, India'"
24-01-2022 14:19,"b""CLICK'S &amp; EDITS\nEDIT BY - ME \n#ck_satyam #maskon\n#clicksandedits #puma @PUMA https://t.co/aL4ZBayYOp""",b'satyamchulbulk1',"b'Maharashtra, India'"
24-01-2022 14:19,"b""PHOTOGRAPHY CLICK'S\n#clicks #photography #maskon https://t.co/clMsluIHxb""",b'satyamchulbulk1',"b'Maharashtra, India'"
31-01-2022 14:55,b'#SafeTravels \n#WearAMask properly \xf0\x9f\x98\xb7\n#WashYourHands \n#COVIDAppropriateBehaviour \n#CovidSafeOperation \n@aairedwr https://t.co/tdDMm16npX',b'aaistvairport',"b'Surat, India'"
31-01-2022 14:42,"b""Recovering from#covid. #Wearamask and follow #socialdistancing. I caught the virus because I didn't do this on the day #myfather passed away""",b'hiranmayimlaxmi',"b'Kerala, India'"
31-01-2022 13:53,b'Must #WearAMask https://t.co/tSsEq1IPTF',b'princebaranwalm',"b'New Delhi, India'"
31-01-2022 13:26,"b""Guys don't let off your garud. #WearAMask #SocialDistancing #FauciForPrison #WuhanPandemic #COVID19 #COVIDIOTS\xe2\x80\xa6 https://t.co/wLm5aOTZJJ""",b'AnuragfromKashi',"b'Noida, India'"
31-01-2022 10:50,b'Three Ways to Live a Positive Life\nhttps://t.co/d8afo7bOvN\n#positivevibes #foryoupage #positivity #lifestyle #happy\xe2\x80\xa6 https://t.co/aEOZaj05fb',b'AgmhostC',b'India'
31-01-2022 06:01,b'@DSSNewsUpdates @Gurmeetramrahim Well done Sadh Sangat Ji .. Dera Sacha Sauda followers are creating example in soc\xe2\x80\xa6 https://t.co/wOiO7BRg2O',b'Indu_55',"b'New Delhi, India'"
31-01-2022 05:40,"b""Done with my teen's 2nd dose of Covaxin today.\nBig sigh of relief!\n#Covaxin #CovidVaccine #WearAMask""",b'gauripokhariyal',"b'Pune, India'"
31-01-2022 05:39,b'@DSSNewsUpdates @Gurmeetramrahim Great job by #DeraSachaSauda volunteers by following the pious teachings of Saint\xe2\x80\xa6 https://t.co/Torm6Na2zc',b'Meet97490815',"b'Ghaziabad, India'"
31-01-2022 03:34,b'Mask &amp; Ration Distribution by DSS Volunteers following the pious teachings of Saint Dr. @Gurmeetramrahim Singh Ji I\xe2\x80\xa6 https://t.co/gUQbOcy2c4',b'DSSNewsUpdates',"b'Sirsa, India'"
31-01-2022 03:12,"b""#Suprabhatam \n#StaySafe #WearAMask \n\nMy prayers for everyone's safety\nWe will overcome this crisis very soon\xe2\x80\xa6 https://t.co/YCcETo8Mxc""",b'kirankumargoli',b'India'
31-01-2022 02:46,b'JB tip for the day..\n\n#expertsinsight\n\nMAKE A SMART MOVE....\n#jbinfragroup\n#staysafestayhome\n#wearamask\n..\n..\n..\n..\xe2\x80\xa6 https://t.co/ovy2Vj9m57',b'Jbinfraofficial',"b'Hyderabad, India'"
30-01-2022 23:14,b'Video testimonial of passenger arrived at #CoimbatoreAirport from Sharjah. Received appreciations for overall arran\xe2\x80\xa6 https://t.co/MDnvXxcSC0',b'aaicbeairport',"b'Coimbatore, India'"
30-01-2022 23:13,b'Testimonial of passengers arrived at #CoimbatoreAirport from Sharjah.\n#aaicares\n#WearAMask \n@AAI_Official\xe2\x80\xa6 https://t.co/fcF4UTh6X3',b'aaicbeairport',"b'Coimbatore, India'"
30-01-2022 14:59,b'#Pune reports over 7600 new #Covid19 cases and 15 deaths in 24 hours.#WearAMask #GetVaccinatedNow #pandemic is not\xe2\x80\xa6 https://t.co/Lkm71ALkqm',b'Thevarsteffy',"b'Pune, India'"
30-01-2022 14:47,b'#AAI #Coimbatore_International_Airport\n@aaicbeairport\n\n#Update:Arrival/Departure flight schedule for 31.01.2022\xe2\x80\xa6 https://t.co/68TMnYttKF',b'aaicbeairport',"b'Coimbatore, India'"
30-01-2022 14:46,b'#AAI #Coimbatore_International_Airport\n@aaicbeairport\n\n#Update:Arrival/Departure flight schedule for 30.01.2022\xe2\x80\xa6 https://t.co/utV3X5YTDV',b'aaicbeairport',"b'Coimbatore, India'"
30-01-2022 13:02,"b'#COVID19 and #CovidVaccine awareness Van Publicity is being conducted at various places in Puducherry, along with a\xe2\x80\xa6 https://t.co/ZsC5DGKxVy'",b'PuducherryFOB',"b'Pondicherry, India'"
30-01-2022 10:46,b'Do you remember when you joined Twitter? I do! #MyTwitterAnniversary #blessed #sundayvibes #SundayLockdown\xe2\x80\xa6 https://t.co/arfGwSAQwi',b'kanjipappadam',"b'Trivandrum, India'"
30-01-2022 10:21,b'Mask Distribution by DSS Volunteers following the pious teachings of Saint Dr. @Gurmeetramrahim Singh Ji Insan | No\xe2\x80\xa6 https://t.co/enz5nhSDj7',b'nehainsn09',"b'Noida, India'"
30-01-2022 07:30,b'Mask Distribution by DSS Volunteers following the pious teachings of Saint Dr. @Gurmeetramrahim Singh Ji Insan | Ma\xe2\x80\xa6 https://t.co/SfUqSxY5kP',b'DSSNewsUpdates',"b'Sirsa, India'"
30-01-2022 06:30,b'Mask &amp; Warm Clothes Distribution by DSS Volunteers following the pious teachings of Saint Dr. @Gurmeetramrahim Sing\xe2\x80\xa6 https://t.co/AxZdW0WrwJ',b'DSSNewsUpdates',"b'Sirsa, India'"
30-01-2022 04:30,b'Mask Distribution by DSS Volunteers following the pious teachings of Saint Dr. Gurmeet Ram Rahim Singh Ji Insan | K\xe2\x80\xa6 https://t.co/RxMMeBgSdH',b'DSSNewsUpdates',"b'Sirsa, India'"
30-01-2022 03:35,b'@DSSNewsUpdates @Gurmeetramrahim Great teachings of Saint Dr. @Gurmeetramrahim Singh Ji Insan \n#DeraSachaSauda\xe2\x80\xa6 https://t.co/Pjgtq2Q34K',b'pki6511',b'JIND (HARYANA) INDIA\xf0\x9f\x87\xae\xf0\x9f\x87\xb3'
30-01-2022 03:30,b'Mask Distribution by DSS Volunteers following the pious teachings of Saint Dr. @Gurmeetramrahim Singh Ji Insan | Kh\xe2\x80\xa6 https://t.co/rlJnfOSEV6',b'DSSNewsUpdates',"b'Sirsa, India'"
