29-01-2022 12:59,b'Register for Demo on #DELLBOOMI: https://t.co/5WImAyZXwK\nKnow More: https://t.co/4yVb5DaCbs\n\n#DellBoomiTraining\xe2\x80\xa6 https://t.co/3wcrPUnkjd',b'AstsTraining',"b'Hyderabad, India'"
29-01-2022 12:10,b'Old man.Oil pastel on paper.\n#abhibiswas34 #avijit #ArtistOnTwitter #Artist #art #ArtsOfAshes #ArtofLegends #artph\xe2\x80\xa6 https://t.co/upQPgtBWMp',b'artist__abhi',"b'Jaipur, India'"
29-01-2022 12:05,b'Top 5 UX/UI Design Courses in Mumbai\nhttps://t.co/QdFKcFwqPd\n#designcourse #mumbai #Onlineclasses https://t.co/rAv43YGOhC',b'tweetvaibhav',b'New Delhi India'
29-01-2022 11:30,b'Chennai admin. requested the #MadrasHighCourt time till the end of the academic year to complete #eviction of\xe2\x80\xa6 https://t.co/3d6L1zP0kc',b'xpresstn',"b'Chennai, India'"
29-01-2022 09:37,"b'Admission Open\nFree Admission for Girls\n\nHURRY UP ADMISSION OPEN - - 9235745885, 6393818818 -\xe2\x80\xa6 https://t.co/fUjJ1UsdwZ'",b'SanskarPublic',"b'Pandeypur, Mirzapur, India'"
29-01-2022 09:00,b'Top 5 Web Designing Courses in Bangalore\nhttps://t.co/Pho48IWcJV\n#webdesigning #onlinecourses #Onlineclasses\xe2\x80\xa6 https://t.co/Yf43Y61k2S',b'tweetvaibhav',b'New Delhi India'
29-01-2022 08:06,"b'#SharekhanClassroom | Trying to learn the skills of short term #trading but getting stuck? In that case, check out\xe2\x80\xa6 https://t.co/ESthCB99rV'",b'Sharekhan',b'India'
29-01-2022 07:30,b'The BBA course enables an individual to manage large corporations and qualifies for multidisciplinary management po\xe2\x80\xa6 https://t.co/YxCs0p1THR',b'NoidaNims',"b'Noida, India'"
29-01-2022 07:29,b'#Onlineclasses #Guitarist #musica #learning #piano #IndiaOpen2022 #coaching #OFFLINE #ahmedabad         learn music\xe2\x80\xa6 https://t.co/Gbh1NymLqC',b'Dharmesh2201',"b'Ahmadabad City, India'"
29-01-2022 07:22,b'#ticse.org/studyabroad/study-in-nurses\n#oetpreparation #ieltspreparation #learn #studyabroad #onlineclasses\xe2\x80\xa6 https://t.co/HZtSxZ3Fsl',b'theimmaculate3',b'Chennai India'
29-01-2022 06:50,"b'@smitaprakash #Onlineclasses  is the most diluted form of educating. How will it inculcate discipline, uniformity,\xe2\x80\xa6 https://t.co/keNEpx4v6p'",b'manjumathur1',"b'New Delhi, India'"
29-01-2022 06:41,b'SWEEDU #schoolERPsoftware offers you a feature-filled online #live class module to help you make your\xe2\x80\xa6 https://t.co/18BgowKohY',b'sweedu_erp',"b'Gujarat, India'"
29-01-2022 06:28,b'Before and after the year 2020.\n\n#life #Omnicron #COVID19 #onlineclasses #etuitions #OnlineTuitionClasses\xe2\x80\xa6 https://t.co/aAX6YLi53d',b'e_etuitions',b'India'
29-01-2022 05:45,b'College was the most expensive video-streaming service in last 2 years #OnlineClasses',b'priteshh25',"b'Nashik, India'"
29-01-2022 05:04,b'Teaching #yoga being a #yogateacher is love \xe2\x9d\xa4\xef\xb8\x8f \nFirst time I taught yoga class offline as I used to take yoga\xe2\x80\xa6 https://t.co/D6KTc3JoYS',b'thehybridrunner',"b'Mumbai, India'"
29-01-2022 04:31,"b'New words like scroll, swipe, email, mute, virtual hand, and all added to kids dictionaries pretty early all thanks\xe2\x80\xa6 https://t.co/CNELnlwyVe'",b'agarwalsumit84',"b'Gurgaon, India'"
29-01-2022 04:00,b'#sunsetphotography\nCreator @Thakur_tms\nFollow for more intresting content\nInterested to buy contact\xe2\x80\xa6 https://t.co/Bpyp4AGjGP',b'Thakur_tms',b'India'
29-01-2022 03:04,"b'For Students presently in Class V, VI, VII, VIII, IX, X &amp; XI\nTest Date: 6th, 7th, 8th, 9th, 10th, 11th, 12th &amp; 13th\xe2\x80\xa6 https://t.co/FOUBrqHHKz'",b'fiitjee',b'All Across India'
29-01-2022 02:35,b'#LearnProgrammingUsingC #LearnProgramming #ebook #kindle #amazon #AmazonKindle \n\nWhatsApp on 98766 01577 for\xe2\x80\xa6 https://t.co/OSYvyiJro7',b'pardeepbogra',"b'Zirakpur, Mohali,Punjab, India'"
28-01-2022 18:25,"b'Since 2019, the most affected sector due to #COVID19 is the #education sector. Every time the threat rises the educ\xe2\x80\xa6 https://t.co/W3cB0vBDV5'",b'RibabulA',"b'Guwahati, India'"
28-01-2022 17:21,"b'All educational institutions will remain closed in #UttarPradesh till February 6, #OnlineClasses will continue.'",b'UsefulLeaks',"b'Noida, India'"
28-01-2022 16:27,"b""#INTEGRATION, important Long Answer Questions( LAQ's), #MATHEMATICS2B, #vedhaONLINEclasses, #OnlineClasses\xe2\x80\xa6 https://t.co/O2K9znWIWW""",b'VEDHAtuitions',"b'INDIA, TELANGANA, AP & STATES.'"
28-01-2022 16:09,"b'For Students presently in Class V, VI, VII, VIII, IX, X &amp; XI\nTest Date: 6th, 7th, 8th, 9th, 10th, 11th, 12th &amp; 13th\xe2\x80\xa6 https://t.co/iA7zGVj7pO'",b'fiitjee',b'All Across India'
28-01-2022 15:47,b'Register for #Demo on #ANAPLAN: https://t.co/5WImAyIUuK\nKnow More: https://t.co/8boKN4dXk4\n#AnaplanCloud\xe2\x80\xa6 https://t.co/N1peUckHHN',b'AstsTraining',"b'Hyderabad, India'"
28-01-2022 14:56,b'Register now for our upcoming Admission Test! Don\xe2\x80\x99t miss it!!\n\xe2\x96\xaa\xef\xb8\x8fExam Date: 6th &amp; 13 Feb\n\xe2\x96\xaa\xef\xb8\x8fFor Students in Class 5th\xe2\x80\xa6 https://t.co/NdnRh7OB6r',b'FIITJEERanchi',"b'Ranchi, India'"
28-01-2022 14:56,b'Register now for our upcoming Admission Test! Don\xe2\x80\x99t miss it!!\n\xe2\x96\xaa\xef\xb8\x8fExam Date: 6th &amp; 13 Feb\n\xe2\x96\xaa\xef\xb8\x8fFor Students in Class 5th\xe2\x80\xa6 https://t.co/smMbqJi2Q9',b'FIITJEE_GZB',"b'Ghaziabad, India'"
28-01-2022 14:56,b'Register now for our upcoming Admission Test! Don\xe2\x80\x99t miss it!!\n\xe2\x96\xaa\xef\xb8\x8fExam Date: 6th &amp; 13 Feb\n\xe2\x96\xaa\xef\xb8\x8fFor Students in Class 5th\xe2\x80\xa6 https://t.co/eyIqbCKz3a',b'FIITJEE_Patna',"b'Patna, India'"
28-01-2022 14:39,b'Economic Office/WFH PC.\nPerfect PC for your basic needs. \nhttps://t.co/Ou0UBcG4JG\n\n#officepc #budgetpc #gamingpc\xe2\x80\xa6 https://t.co/2BPWZWiPvK',b'6gigahertz',"b'Lucknow, India'"
28-01-2022 14:28,b'#DHMetrolife | Teachers have noticed that many students turn off their cameras during tests to use mobile calculato\xe2\x80\xa6 https://t.co/QsNZBDNPHN',b'DeccanHerald',b'India'
28-01-2022 13:18,b'#OnlinetheorySessions! \nJoin for our new batch starting on February 7th\xe2\x99\xa5\xef\xb8\x8f\n.\n.\n.\n.\n.\n#learnmakeup #makeup\xe2\x80\xa6 https://t.co/NJHggnux4Z',b'thefacepalette',"b'Kerala, India'"
28-01-2022 13:01,b'Online Classes &amp; its totality \xe2\x80\x93 Viral Song\n#OnlineClasses #ViralSong\nhttps://t.co/90Eg6LJFND',b'kanlish_News',"b'Bengaluru, India'"
28-01-2022 12:53,"b'Admission Open\nFree Admission for Girls\nEnglish medium CBSE pattern\nHURRY UP ADMISSION OPEN - - 9235745885, 6393818\xe2\x80\xa6 https://t.co/KuXUdZ2jVw'",b'SanskarPublic',"b'Pandeypur, Mirzapur, India'"
28-01-2022 12:52,"b'Admission Open\nFree Admission for Girls\nEnglish medium CBSE pattern\nHURRY UP ADMISSION OPEN - - 9235745885, 6393818\xe2\x80\xa6 https://t.co/nZbyOQbaSs'",b'SanskarPublic',"b'Pandeypur, Mirzapur, India'"
28-01-2022 12:31,b'Gain knowledge and practice smartly with Tutoroot. Explore more about the program and sign up today!\n\nLog on to\xe2\x80\xa6 https://t.co/PCyRpJdBC9',b'Tutoroot',"b'Hyderabad, Telangana, India'"
28-01-2022 12:30,b'Join CodeBetter IT institute to get trained and placed faster!\nRead @ https://t.co/NQt04wDMnN\n\n#VirtualClassrooms\xe2\x80\xa6 https://t.co/mY57wZTNJy',b'codebetterindia',"b'Indore, India'"
28-01-2022 12:06,"b'Learn from the Best: Digital Marketing Live Training batch starts 05 Feb, Hurry Limited Seats!\xe2\x80\xa6 https://t.co/h7xRRPoMgH'",b'newfunda',b'India'
28-01-2022 12:05,b'Top 7 Web Designing Courses in Mumbai in 2022\nhttps://t.co/WqLzFa0P15\n#webdesign #onlinecourses #OnlineClasses\xe2\x80\xa6 https://t.co/VNxsPFMIVS',b'tweetvaibhav',b'New Delhi India'
28-01-2022 10:30,b'The Bachelor of Business Administration (BBA) is one of the most marketable and in-demand undergraduate degrees.\n.\xe2\x80\xa6 https://t.co/GTSrdzZ1Se',b'NoidaNims',"b'Noida, India'"
28-01-2022 10:27,b'GTT Academy offers 4 months of an intensive course on teaching English grammar which could be completed with ease t\xe2\x80\xa6 https://t.co/ed3FYGiR3X',b'GTTAcademyIndia',"b'Hyderabad, India'"
28-01-2022 09:00,b'Top 6 Graphic Designing Courses in Bangalore\nhttps://t.co/tPJdnhYzj6\n#Graphicdesigners #onlinecourses #banglore\xe2\x80\xa6 https://t.co/l9PfZxEDnO',b'tweetvaibhav',b'New Delhi India'
28-01-2022 08:42,b'Admission Open !\nFrom Nursery to Std. X\nFor AY 2022 - 2023\n\n#universalschool #nanded #admissionopen #school\xe2\x80\xa6 https://t.co/DSLFyrw6tW',b'universalsch',"b'Nanded-Waghala, India'"
28-01-2022 07:44,b'We are open for online admissions. Visit our website for further details. \xe2\x9c\x88\xf0\x9f\x8e\x93\xf0\x9f\x8c\x8f\xf0\x9f\x91\xa8\xe2\x80\x8d\xf0\x9f\x8e\x93\n\xe2\x9c\x85 Log on to:\xe2\x80\xa6 https://t.co/PsJrubU8ZV',b'jtaviationac',"b'Kolkata, India'"
28-01-2022 07:35,b'Here\xe2\x80\x99s some popular slang phrases from \xf0\x9f\x87\xaa\xf0\x9f\x87\xb8 to kickstart your weekend\xf0\x9f\xa4\xad\xe2\x9d\xa4\xef\xb8\x8f\xe2\x80\x89\n\n#aemumbai #spanishlessons\xe2\x80\xa6 https://t.co/KpbVg6OLuZ',b'AcademiaEspanol',"b'Mumbai,India'"
28-01-2022 07:31,b'Believe yourself &amp; success will believe you.\n#BITT #Polytechnic #BittPolytechnic #BittDigitalClassroom\xe2\x80\xa6 https://t.co/x37GNEgg81',b'bittpolytechni1',"b'Ranchi, India'"
28-01-2022 07:14,b'Many students with access to smartphones are not able to make use of the platform as their parents are daily-wage w\xe2\x80\xa6 https://t.co/A5hprEznQ1',b'DeccanChronicle',"b'Hyderabad, India'"
28-01-2022 07:00,"b""@roadscholarz's Locked out survey revealed that only 8% rural students have been able to attend regular\xe2\x80\xa6 https://t.co/UPAeZR95QW""",b'SunoIndia_in',b'India'
28-01-2022 06:20,b'#tipsfortutors How to attract more Students\n1. Word of Mouth Marketing\n2. Directory listings\n3. Marketing through W\xe2\x80\xa6 https://t.co/MzTpvBXMtU',b'millioncenters',"b'New Delhi, India'"
28-01-2022 05:30,"b'Fulfill your dream of exploring and travelling the world, get your TEFL/TESOL certification and explore the world a\xe2\x80\xa6 https://t.co/mMKcj6gWpz'",b'IntesolIndia',"b'Bengaluru, India'"
28-01-2022 05:13,b'What you want ?\n#JNTUH \n@SabithaindraTRS \n@jntuwing \n#OnlineClasses \n#offlineclass',b'j_nikhil_reddy',b'India'
28-01-2022 05:01,b'\xf0\x9f\x97\x93\xef\xb8\x8f Date: 5-6th Feb 2022 \n\n\xe2\x8f\xb0 Time: 10:00 AM - 01:00 PM IST\n\nPlace: #Zoom I Online\n\n\xf0\x9f\x94\x97 Registration Link:\xe2\x80\xa6 https://t.co/zN8JiHpUVr',b'Learnbay1',"b'Bengaluru, India'"
28-01-2022 02:30,b'Avail #BSNL special #offers \n75 days extra validity on #BSNL_PV2399\n3GB/Day data + U/L local/STD calls for 440 Days\xe2\x80\xa6 https://t.co/anMTrcuYDO',b'BSNL_RJ',"b'Rajasthan, India'"
28-01-2022 02:15,"b'#UP Schools to Remain Closed until 15th February, #OnlineClasses to Continue as per Guidelines, Get Details Here\xe2\x80\xa6 https://t.co/wcPhZ4398n'",b'Jagranjosh',b'India'
27-01-2022 17:49,b'#Sanskrit \n#\xe0\xa4\xb8\xe0\xa4\x82\xe0\xa4\xb8\xe0\xa5\x8d\xe0\xa4\x95\xe0\xa5\x83\xe0\xa4\xa4 \n#OnlineClasses \n#Ramayan \n#Mahabharata \n\nFor details please call/whatsapp on the given number. https://t.co/9QWPzXcowT',b'GlobalIndic',b'INDIA'
27-01-2022 15:27,b'Top 5 Financial Modeling Courses in Pune with Placements\nhttps://t.co/30smMoKuEd\n#financial #onlinecourses\xe2\x80\xa6 https://t.co/GqZ5pXlxpO',b'tweetvaibhav',b'New Delhi India'
27-01-2022 14:49,b'\xf0\x9d\x90\x91\xf0\x9d\x90\x9e\xf0\x9d\x90\xa0\xf0\x9d\x90\xa2\xf0\x9d\x90\xac\xf0\x9d\x90\xad\xf0\x9d\x90\x9e\xf0\x9d\x90\xab \xf0\x9d\x90\x85\xf0\x9d\x90\xa8\xf0\x9d\x90\xab \xf0\x9d\x90\x83\xf0\x9d\x90\x9e\xf0\x9d\x90\xa6\xf0\x9d\x90\xa8 \xf0\x9d\x90\x8e\xf0\x9d\x90\xa7 \xf0\x9d\x90\x8c\xf0\x9d\x90\xae\xf0\x9d\x90\xa5\xf0\x9d\x90\x9e\xf0\x9d\x90\xac\xf0\x9d\x90\xa8\xf0\x9d\x90\x9f\xf0\x9d\x90\xad : https://t.co/iIZujFhF5P\n For More Information Visit:https://t.co/2OYhdZg97s\xe2\x80\xa6 https://t.co/LNHzw1G4Xb',b'AstsTraining',"b'Hyderabad, India'"
27-01-2022 14:06,b'You too can be one of them! Register now for our upcoming Admission Test! Don\xe2\x80\x99t miss it!!\n\xe2\x96\xaa\xef\xb8\x8fExam Date: 6th &amp; 13 Feb\xe2\x80\xa6 https://t.co/EvB8FFzYTM',b'FIITJEE_Patna',"b'Patna, India'"
27-01-2022 14:06,b'You too can be one of them! Register now for our upcoming Admission Test! Don\xe2\x80\x99t miss it!!\n\xe2\x96\xaa\xef\xb8\x8fExam Date: 6th &amp; 13 Feb\xe2\x80\xa6 https://t.co/5NCgxYuzse',b'FIITJEE_GZB',"b'Ghaziabad, India'"
27-01-2022 14:06,b'You too can be one of them! Register now for our upcoming Admission Test! Don\xe2\x80\x99t miss it!!\n\xe2\x96\xaa\xef\xb8\x8fExam Date: 6th &amp; 13 Feb\xe2\x80\xa6 https://t.co/5sFY4Et6KO',b'FIITJEERanchi',"b'Ranchi, India'"
27-01-2022 13:58,"b'For Students presently in Class V, VI, VII, VIII, IX, X &amp; XI\nTest Date: 6th, 7th, 8th, 9th, 10th, 11th, 12th &amp; 13th\xe2\x80\xa6 https://t.co/LtLJvbSWAF'",b'fiitjee',b'All Across India'
27-01-2022 12:52,"b""Have too much stress \xf0\x9f\x98\x9f while solving maths equations?\n\nStudy \xf0\x9f\x93\x9a with Kota's top faculty at EtoosIndia\n\nEnroll Now:\xe2\x80\xa6 https://t.co/pDYIspoYel""",b'EtoosIndia',"b'Kota,India'"
27-01-2022 12:05,b'Top 5 Offline Finance Courses in Delhi\nhttps://t.co/vihqBbFRwk\n#finance #financecourses #delhi #onlinecourses\xe2\x80\xa6 https://t.co/9vqftGxNSX',b'tweetvaibhav',b'New Delhi India'
27-01-2022 09:32,"b'""Yoga is the journey of the self, through the self, to the self""\nIf you have been planning to start yoga and don\'t\xe2\x80\xa6 https://t.co/jOjXt866jr'",b'tutorjunction',b'India | UAE '
27-01-2022 08:49,b'Remove all obstacles that make your #onlineclasses harder to conduct.\n\nSwitch to SWEEDU #SchoolERPSoftware to make\xe2\x80\xa6 https://t.co/48bybwOAyA',b'sweedu_erp',"b'Gujarat, India'"
27-01-2022 08:33,"b'#UttarPradesh schools shut till February 15 amid surge in #Covid19 cases, #onlineclasses to continue\xe2\x80\xa6 https://t.co/qCddMtcDYC'",b'werindia',"b'India and USA, 5 years Old'"
27-01-2022 07:30,b'Want to improve your English speaking skills during online classes? Pearson #MePro offers you periodic assessments\xe2\x80\xa6 https://t.co/6sYNLxUzGi',b'PearsonIN',b'India'
27-01-2022 07:24,b'\xe2\x96\xb6\xef\xb8\x8f PTE - PEARSON TEST OF ENGLISH Academic\n\xf0\x9f\x94\x8a REGISTER YOUR FREE DEMO CLASS\nFor any Query:\nCall: \xe2\x98\x8e\xef\xb8\x8f+91-7455054813\nEma\xe2\x80\xa6 https://t.co/nw4MXiA9Zr',b'DehradunPioneer',"b'Dehradun, India'"
27-01-2022 07:09,b'Online Pregnancy Classes by Sonali Shivlani - Baby360degrees India\n#sonalishivlani #pregnancy #pregnancyclasses\xe2\x80\xa6 https://t.co/3X3EDOf7PN',b'sshivlani',b'India'
27-01-2022 07:04,b'Are you celebrating your child\xe2\x80\x99s creativity? \nJoin Purple Turtle Bright Kids to make it easy. \nBook a FREE Demo now\xe2\x80\xa6 https://t.co/caF0SzUyU8',b'mypurpleturtle',b'India'
27-01-2022 05:45,b'Wasting my winter morning doing online classes. \xf0\x9f\x99\x82\n#CBSE \n#CbseJoiningDo \n#OnlineClasses',b'RitabrataBhand1',"b'Barjora, India'"
27-01-2022 05:19,"b'UP schools shut till Feb 15, online classes to continue\n#UP #UPElections2022 #schoolsreopening #onlineclasses #math\xe2\x80\xa6 https://t.co/E5czs3LDY8'",b'grade1to6',"b'New Delhi, India'"
27-01-2022 05:06,b'Admission Open For The Session 2022-23 Session\nFor NEET|IIT-JEE-2022-23\n#YVSInstitute #Scholarship #Onlineclasses\xe2\x80\xa6 https://t.co/IgdE0E5FXG',b'institute_yvs',"b'New Delhi, India'"
27-01-2022 04:55,b'Teach more #students with  https://t.co/8D3eUOUhFw\n\n#danceteacher #artteacher\n#hometution #education\xe2\x80\xa6 https://t.co/3jCmBok5rj',b'millioncenters',"b'New Delhi, India'"
27-01-2022 04:30,b'Day 50: Srimad Bhagavatam Canto 6 Chapter 16 to 19:Mother curses Son@ www.facebookcom/GATSSB #srimadbhagavatam\xe2\x80\xa6 https://t.co/tPWhvzC3Je',b'RadhaMohanDas17',"b'Indore, India'"
26-01-2022 19:31,b'#OnlineWorkshop #PreRecordedVideo #EgglessCakes #HomeBaker #TechniqueBased #StudioArtzone #Pune #Deccan\xe2\x80\xa6 https://t.co/YTeMxxmlHY',b'artzonepune',"b'Pune, India'"
26-01-2022 18:49,b'Students at thier peak\xf0\x9f\x98\x82\n#OnlineClasses #Googleclassrom https://t.co/IJr2s4xqro',b'MeNehaPandey',"b'Goa, India'"
26-01-2022 17:04,b'#OnlineClasses will continue alongside physical classes as before.\n#Education \nhttps://t.co/xM52ikBQOX',b'IndiaToday',b'India'
26-01-2022 16:46,b'We never stop learning because life never stops teaching...\xf0\x9f\xa4\x96\n\xf0\x9f\x94\xadOpportunities come out of any direction.\xf0\x9f\x92\x8c\xe2\x80\xa6 https://t.co/kbFgdhS0QQ',b'kite_robotics',"b'Chennai, India'"
26-01-2022 15:10,"b'For Students presently in Class V, VI, VII, VIII, IX, X &amp; XI\nTest Date: 6th, 7th, 8th, 9th, 10th, 11th, 12th &amp; 13th\xe2\x80\xa6 https://t.co/T2u9nQfe1E'",b'fiitjee',b'All Across India'
26-01-2022 10:35,b'Our efforts are being noticed \nThanks Amar Ujala for the motivation it means  a lot for #NPSF team.\n\n#gratitude\xe2\x80\xa6 https://t.co/QdwUz1PPAx',b'naripragati',"b'Noida, India'"
26-01-2022 07:36,b'Please dont reopen colleges. @samant_uday #SayNoOfflineExam #OnlineClasses #udaysamant',b'ZohebSayyed7',"b'Nashik, India'"
26-01-2022 05:56,b'Happy Republic Day \xf0\x9f\x87\xae\xf0\x9f\x87\xb3\n\nMy student make indian flag \xf0\x9f\x87\xae\xf0\x9f\x87\xb3 \xf0\x9f\xa7\xa1\xf0\x9f\xa4\x8d\xf0\x9f\x92\x9a\n#republicday #republicdayindia #india #onlineeducation\xe2\x80\xa6 https://t.co/fhrAWEA2YK',b'SriCube',"b'kadapa , India \xf0\x9f\x87\xae\xf0\x9f\x87\xb3 '"
26-01-2022 05:36,"b'School Admission Free Admission for Girls\nHURRY UP ADMISSION OPEN - - 9235745885, 6393818818 -\xe2\x80\xa6 https://t.co/fHfxfUC0XE'",b'SanskarPublic',"b'Pandeypur, Mirzapur, India'"
26-01-2022 05:05,b'Wish all a very Happy Republic Day from #millioncenters\n\n#tuition #education #tutor #learning #tutoring #english#on\xe2\x80\xa6 https://t.co/FkydOnrOnY',b'millioncenters',"b'New Delhi, India'"
26-01-2022 05:03,b'Learnowaves wishes you Happy Indian Republic Day!\n#Learnowaves #RepublicDayIndia #HappyRepublicDay #India\xe2\x80\xa6 https://t.co/0TpsbfbA2z',b'Learnowaves',b'India'
26-01-2022 04:26,b'#OnlineWorkshop #PreRecordedVideos #FusionArt #CoffeePainting #FusionCoffeePainting #TechniqueBased #StudioArtzone\xe2\x80\xa6 https://t.co/uMVVWv1HNf',b'artzonepune',"b'Pune, India'"
26-01-2022 03:50,"b""\xf0\x9f\x8f\xaeStudents let's sound on.\xf0\x9f\x8f\xae\n\n\xf0\x9f\x94\xb7Why will you appear exams in room\xf0\x9f\x93\x9d while you studied in zoom\xf0\x9f\x92\xbb?\xe2\x99\xa6\xef\xb8\x8f\n\xe2\x9a\xa0\xef\xb8\x8f(Amid the resurgenc\xe2\x80\xa6 https://t.co/L3RxrjXhxZ""",b'SangkritiMajum1',b'India'
26-01-2022 03:47,b'Magic is in the air. Live with it. \n\nHappy Republic Day to all Indian citizens around the globe \xf0\x9f\x8c\x8f\n\n#republicday\xe2\x80\xa6 https://t.co/8h9RzxWT60',b'kite_robotics',"b'Chennai, India'"
26-01-2022 03:40,b'What do you want? #OnlineClasses\n#Offline',b'chandhsaragadam',"b'Yellamanchili, India'"
26-01-2022 03:30,b'Our leaders have fought for our rights so that we can choose what is best for us! Let us uphold our values on this\xe2\x80\xa6 https://t.co/rHRMz1A9B3',b'Tutoroot',"b'Hyderabad, Telangana, India'"
26-01-2022 03:24,"b""Day 49: Srimad Bhagavatam Canto 6 Chapter 6 to 15:King Citraketu's Lamentation @ www.facebookcom/GATSSB\xe2\x80\xa6 https://t.co/9qZNwtZ76o""",b'RadhaMohanDas17',"b'Indore, India'"
26-01-2022 02:53,b'Let\xe2\x80\x99s salute our brave martyrs on Republic Day. Wishing you all a very Happy Republic Day!\n. \n. \n#RepublicDay\xe2\x80\xa6 https://t.co/5V1d7Jfl1p',b'GTTAcademyIndia',"b'Hyderabad, India'"
26-01-2022 02:33,"b'May we always have freedom to choose, freedom to live and freedom to dream\xe2\x80\xa6\nWishing you all a very Happy Republic D\xe2\x80\xa6 https://t.co/RBXONF0Uj4'",b'IntesolIndia',"b'Bengaluru, India'"
26-01-2022 01:30,b'Republic Day honors the date on which the Constitution of India came into effect on 26 January 1950.\nHappy Republic\xe2\x80\xa6 https://t.co/mAPLMApQ8i',b'MasterminSchool',"b'Indore Madhya Pradesh, India'"
25-01-2022 16:58,b'Register your interest here: https://t.co/mL3h063gat\n#lifescience #jobs #sciences #bpharmacy #BPharm #MPharm\xe2\x80\xa6 https://t.co/0Fq72qlUN4',b'sankhayana',"b'Bangalore, India '"
25-01-2022 16:55,b'Register your interest here for SAS training: https://t.co/mL3h063gat\n#jobs #sciences #bpharmacy #BPharm #MPharm\xe2\x80\xa6 https://t.co/bXPNFCclN5',b'sankhayana',"b'Bangalore, India '"
25-01-2022 16:38,b'Looking for a way to travel around Maldives or abroad? Get your TEFL certification which will allow you to get paid\xe2\x80\xa6 https://t.co/l3n3mH5RYs',b'IntesolIndia',"b'Bengaluru, India'"
25-01-2022 16:35,"b'For Students presently in Class V, VI, VII, VIII, IX, X &amp; XI\nTest Date: 6th, 7th, 8th, 9th, 10th, 11th, 12th &amp; 13th\xe2\x80\xa6 https://t.co/IiMpjvunSy'",b'fiitjee',b'All Across India'
25-01-2022 13:19,b'Good Times + Crazy Friends = Great Memories!\nAnd in the year 2021 we experienced all of this at SSBF be it online o\xe2\x80\xa6 https://t.co/mPew9DEVmd',b'SSBF_Pune',"b'Pune, India'"
25-01-2022 13:03,b'How effective is the use of BigBlueButton for online classes on your Moodle LMS? Take a BigBlueButton summary repor\xe2\x80\xa6 https://t.co/IsnxPpjBN0',b'LearnerScript',"b'Hyderabad, India'"
25-01-2022 12:15,"b'Online Workshop Allert! \xf0\x9f\x93\xa2\n\n\xe2\x9c\x85Egg-free, Gelatin-free\n\xf0\x9f\x93\x86 Video available on January 28th\n\xf0\x9f\x8f\xb7\xef\xb8\x8fINR 2,500/-\n\xe2\x98\x91\xef\xb8\x8fPre-recorded w\xe2\x80\xa6 https://t.co/dhBPtglTlo'",b'LavanyaKotha',"b'Bengaluru, India'"
25-01-2022 12:05,b'Top 5 Finance Courses in Pune with Placements\nhttps://t.co/zTi4H8nunk\n#finance #financecourses #placement\xe2\x80\xa6 https://t.co/ketcDa7oxL',b'tweetvaibhav',b'New Delhi India'
25-01-2022 11:42,"b""Kehndi Hundi Si, classes saath mein attend karenge,\nAbb tum akele #upskill karr rahi ho.\n\nDon't let any false promi\xe2\x80\xa6 https://t.co/2s5SzJrwnc""",b'UNextLearning',"b'Bengaluru, India'"
25-01-2022 11:40,"b'#stayhomestaysafe\xf0\x9f\x98\xb7 Online sessions for young women at a community college, as we volunteer to revive communication\xe2\x80\xa6 https://t.co/QryjCx4hDo'",b'CHNvolunteer',"b'Chennai, India.'"
25-01-2022 10:00,b'Shine with a successful career in the Aviation Industry only with JT Aviation College. \xe2\x9c\x88\xf0\x9f\x8e\x93\xf0\x9f\x8c\x8f\xf0\x9f\x91\xa8\xe2\x80\x8d\xf0\x9f\x8e\x93\n\xe2\x9c\x85 Log on to:\xe2\x80\xa6 https://t.co/dyjtVbGfOj',b'jtaviationac',"b'Kolkata, India'"
25-01-2022 09:58,b'Essential Tips To Conduct Online Classes Effectively\nhttps://t.co/CxeNZ2YuW0\n\n#onlineclasses #onlineclasses2022\xe2\x80\xa6 https://t.co/hQNMcHOVwV',b'FedenaPro',b'India'
25-01-2022 09:15,b'Weight Loss - Yoga Classes. Practice not only these warrior yoga but other poses to develop that warrior mindset.\xe2\x80\xa6 https://t.co/agzEiwBs6V',b'yog_power',"b'Mumbai, India'"
25-01-2022 08:33,b'Tips to take into consideration while preparing for JEE/NEET \xf0\x9f\x93\x9a \n\n#etoosindia #exampreparationtips\xe2\x80\xa6 https://t.co/51QV3g1glb',b'EtoosIndia',"b'Kota,India'"
25-01-2022 07:58,b'Follow some easy steps by visiting our website and getting yourself enrolled with us. \xe2\x9c\x88\xf0\x9f\x8e\x93\xf0\x9f\x8c\x8f\xf0\x9f\x91\xa8\xe2\x80\x8d\xf0\x9f\x8e\x93\n\xe2\x9c\x85 Log on to:\xe2\x80\xa6 https://t.co/V1vQpnSOeg',b'jtaviationac',"b'Kolkata, India'"
25-01-2022 07:19,b'REPUBLIC DAY OFFER! JUST PAY SMALL *RS. 3500*\n*Find out How*- Just Unlock your mobile\xf0\x9f\xa4\x9d. Contact us today!\nVisit Now\xe2\x80\xa6 https://t.co/hab06EEl9K',b'FortifySolutio1',"b'Mumbai, India'"
25-01-2022 07:07,b'REPUBLIC DAY OFFER! JUST PAY SMALL\xc2\xa0*RS. 3500*\n *Find out How*-\xc2\xa0Just Unlock your mobile\xf0\x9f\xa4\x9d. Contact us today!\nVisit No\xe2\x80\xa6 https://t.co/bx463zMSxz',b'FortifySolutio1',"b'Mumbai, India'"
25-01-2022 07:06,"b'It feels so sad to even request kids to maintain social distance and wear masks, go through online schooling and ha\xe2\x80\xa6 https://t.co/iI2dvy4hHE'",b'vidya_symbiosis',b'Pune India'
25-01-2022 07:05,"b""Schools better place than home: Expert - https://t.co/ouamDaG80N\nDr Vishal Indla's interview in the Indian Express\xe2\x80\xa6 https://t.co/MRak2D21pB""",b'Vishalindla',"b'Vijayawada, India'"
25-01-2022 06:45,b'Is your child tired of home schooling?\n\n#Homeschooling #Homework #OnlineClasses #Poll #polloftheday #parents\xe2\x80\xa6 https://t.co/zfFRsKWkXD',b'guruqindia',"b'New Delhi, India'"
25-01-2022 06:30,b'Best VFX Courses in Mumbai With Placement Assistance\nhttps://t.co/HUsCYN1bTj\n#onlinecourses #Mumbai #placement\xe2\x80\xa6 https://t.co/fUyffRCRUZ',b'tweetvaibhav',b'New Delhi India'
25-01-2022 06:22,b'On the occasion of Republic Day\n#RepublicDay2022\n#daughterlove\n#BharatMata\n#OnlineClasses https://t.co/lMdidN35d0',b'singhdipakji',b'India '
25-01-2022 05:20,b'Admission Open For The Session 2022-23 Session\nFor NEET|IIT-JEE-2022-23\n#YVSInstitute #Scholarship #Onlineclasses\xe2\x80\xa6 https://t.co/fH8Z0rHeXx',b'institute_yvs',"b'New Delhi, India'"
25-01-2022 04:31,b'Our very helpful consultants will help to make the procedure of admission goes very smoothly.\n.\n.\n.\n.\n#MCA #degree\xe2\x80\xa6 https://t.co/jTePQSNlYY',b'NoidaNims',"b'Noida, India'"
25-01-2022 03:01,b'Day 48: Srimad Bhagavatam Canto 6 Chapter 10 to 12 : The Transcendental Qualities of Vrtrasura@ www.facebookcom/GAT\xe2\x80\xa6 https://t.co/1jMkOIU0Bp',b'RadhaMohanDas17',"b'Indore, India'"
25-01-2022 02:30,b'Avail #BSNL special #offers \n75 days extra validity on #BSNL_PV2399\n3GB/Day data + U/L local/STD calls for 440 Days\xe2\x80\xa6 https://t.co/XCJWeyjMSM',b'BSNL_RJ',"b'Rajasthan, India'"
24-01-2022 21:18,"b'OTHER WAKE UP WITH "" GOOD MORNING BABY ""\n\nI WAKE UP WITH "" OPEN LINK AND JOIN THE CLASS FAST ""\n\n#goodnight \n#COVID19  \n#OnlineClasses'",b'iamshubham2001',"b'Bengaluru, India'"
24-01-2022 16:46,"b""-- #OnlineClasses  'woefully inadequate' \n---teachers fail to make emontional connect: Study https://t.co/VCh50KdAAw  @wionews""",b'ivyasaa',"b'Chennai, India'"
24-01-2022 15:27,b'7 Best SEO Course in Hyderabad\nhttps://t.co/g3aJZB8r96\n#SEO #onlinecourses #Hyderabad #OnlineClasses https://t.co/rWx0TXSpHW',b'tweetvaibhav',b'New Delhi India'
24-01-2022 15:14,b'Register Now for Our Upcoming FIITJEE Admission Test! Don\xe2\x80\x99t Miss it!!\n\xe2\x96\xaa\xef\xb8\x8fExam Date: 6th &amp; 13 Feb\n\xe2\x96\xaa\xef\xb8\x8fFor Students in C\xe2\x80\xa6 https://t.co/CXns68bkCn',b'Fiitjee_Noida',"b'Noida, India'"
24-01-2022 13:09,b'\xf0\x9f\x97\x93\xef\xb8\x8f Date: 5-6th Feb 2022 \n\n\xe2\x8f\xb0 Time: 10:00 AM - 01:00 PM IST\n\nPlace: Zoom I Online\n\n\xf0\x9f\x94\x97 Registration Link:\xe2\x80\xa6 https://t.co/VXR1M8oNG4',b'Learnbay1',"b'Bengaluru, India'"
24-01-2022 12:49,"b""Miscreant hacks into Kerala school's education platform\n\n#Kerala #onlinelearning #OnlineClasses #schoolsreopening\xe2\x80\xa6 https://t.co/yrZVgzsnxd""",b'careers360',b'India'
24-01-2022 12:27,b'Education brings real empowerment!\nGet training with us online and offline mode.\n\nDownload Our Mobile App-\xe2\x80\xa6 https://t.co/o0dilvsJM6',b'dotnetinstitute',"b'New Delhi, India'"
24-01-2022 12:20,b'@trsharish sir covid-19 may go to peak stage try to conduct on-line education in #telangana . #OnlineClasses\xe2\x80\xa6 https://t.co/KYhSTH3M6G',b'Phaneendra_902',"b'Huzurabad, India'"
24-01-2022 12:12,"b'Have you ever witnessed a digital notepad that can be used as a data tracker, a pad for examination, a canvas for a\xe2\x80\xa6 https://t.co/GmUTVZzTip'",b'SamvaadInfotech',b'India'
24-01-2022 11:09,b'Daisy Montessori School offers the Best Online Phonics Classes!!\n\nWe created a study space that is comfortable for\xe2\x80\xa6 https://t.co/UObqd4CFJG',b'MontessoriDaisy',"b'Bengaluru, India'"
24-01-2022 09:53,b'@Lenovo_in Spotted the Tab M8 \xf0\x9f\x93\xb1 at the lower right corner just next to the diary and pen with the orange color pape\xe2\x80\xa6 https://t.co/Jl6lWUuOzV',b'ImNitinRoshan',"b'Amritsar, India'"
24-01-2022 09:41,b'Visit our website and follow some easy steps to get yourself admitted to JT Aviation College. \xe2\x9c\x88\xf0\x9f\x8e\x93\xf0\x9f\x8c\x8f\xf0\x9f\x91\xa8\xe2\x80\x8d\xf0\x9f\x8e\x93\n\xe2\x9c\x85 Log on to:\xe2\x80\xa6 https://t.co/ELhpHbMjE0',b'jtaviationac',"b'Kolkata, India'"
24-01-2022 09:38,"b'Pre Budget Byte 2022: Minal Anand, CEO &amp; Co-founder GuruQ.\n@dl_magazine  \n@MINALANAND \n\nRead full article here:\xe2\x80\xa6 https://t.co/CcPaWRgC7d'",b'guruqindia',"b'New Delhi, India'"
24-01-2022 09:00,b'Top 8 SEO Course in Noida With Practical Training\nhttps://t.co/sRaIhwISy6\n#SEO #seocourse #Training #onlinecourses\xe2\x80\xa6 https://t.co/dzz3anb1ZE',b'tweetvaibhav',b'New Delhi India'
28-01-2022 15:30,b'C.V. Raman won the Nobel Prize for physics in 1930 for his pioneering work on scattering of light.\xe2\x80\xa6 https://t.co/yodINBo8NQ',b'oceanplayedu',b'India'
28-01-2022 15:22,b'Read to know the cause of such a huge surge in demand of Online Proctoring services-https://t.co/dnqGUFh0y4\xe2\x80\xa6 https://t.co/hRpoNM7BlY',b'ulearn_solution',b'India'
28-01-2022 12:04,"b'Discover the benefits of earning online https://t.co/gidqB0HYJG  degree . Find and compare top universities, subjec\xe2\x80\xa6 https://t.co/kM9XqNYkvs'",b'sanjuSEO',b'india'
28-01-2022 07:13,b'Jump start your career in the booming cloud computing industry with an online post graduate certificate programme.\xe2\x80\xa6 https://t.co/395P7vXUCX',b'UNextLearning',"b'Bengaluru, India'"
28-01-2022 04:30,"b""Set a goal so big that you can't achieve it until you grow into the person who can.\n\nhttps://t.co/nU2c3DTRxi\xe2\x80\xa6 https://t.co/BySGqDm9GP""",b'oceanplayedu',b'India'
27-01-2022 12:58,b'eLearning Pitfalls You Should Avoid In 2022\nhttps://t.co/PHf56zH98C\n\n#elearning #education #training #learning #onlineeducation',b'eAbyasInfo',"b'Hyderabad, India'"
27-01-2022 12:43,b'Corruption in Countries Around the World. Which countries are the most (and least) corrupt?\nhttps://t.co/DPtbwBJvFe\xe2\x80\xa6 https://t.co/dbyClpaHO8',b'AAMCTraining',"b'Aust, India,Indonesia, Philipp'"
27-01-2022 12:30,b'C.V. Raman was the first Asian and first Non-White to receive any Nobel Prize in the Sciences.\xe2\x80\xa6 https://t.co/nWkDSFwpXX',b'oceanplayedu',b'India'
27-01-2022 12:00,b'#ClassroomTrends have undergone a massive shift. Discuss how #VirtualClassrooms help #Education service providers d\xe2\x80\xa6 https://t.co/LUbJ2QV1H9',b'Kelltontech',"b'USA, Europe, Japan and India'"
27-01-2022 11:27,b'Which blockchain did the first Decentralised Autonomous Organization (DAO) hack involve?\n.\nTo learn more about DAOs\xe2\x80\xa6 https://t.co/Hwl8w5XpUT',b'ascltweets',"b'Pune, India'"
27-01-2022 10:17,b'Why Distance Education courses are in demand?\nExplore various advantages of #OnlineDistanceLearning courses over th\xe2\x80\xa6 https://t.co/hBI5Mm2Hoe',b'U18Alumni',b'Gurgaon - India'
27-01-2022 02:30,b'Definiteness of purpose is the starting point of all achievement.~ W. Clement Stone\n\nhttps://t.co/nU2c3DTRxi\xe2\x80\xa6 https://t.co/xYnSnAKXaH',b'oceanplayedu',b'India'
26-01-2022 15:29,b'(2/2) The kids were quick to learn and also planted saplings in and around their homes. \n#OnlineEducation\xe2\x80\xa6 https://t.co/t4FVBOyBHs',b'Sarvahitey_NGO',"b'New Delhi, India'"
26-01-2022 14:32,b'AI-based features in Elearning can completely transform the complete knowledge sharing process.\xe2\x80\xa6 https://t.co/ebUN6QAEVb',b'BSEtech',b'India'
26-01-2022 13:30,"b""In India, The National Science Day is celebrated on February 28 each year to honor the discovery of the 'Raman Effe\xe2\x80\xa6 https://t.co/DOCFZKqqrL""",b'oceanplayedu',b'India'
26-01-2022 10:17,b'SmartRun wishes you and your family Happy 73rd Republic Day\xf0\x9f\x87\xae\xf0\x9f\x87\xb3 #smartrun #RepublicDay #educationportal\xe2\x80\xa6 https://t.co/2K43TX3GEM',b'SmartrunIn',b'India'
26-01-2022 10:01,"b""Decentralised Autonomous Organizations ( DAOs) and Future Law\n\nJoin ASCL's Program in Future Law.\n\nLink\xe2\x80\xa6 https://t.co/3kxyuuYfbW""",b'ascltweets',"b'Pune, India'"
26-01-2022 09:48,"b'Though India became a free nation on August 15, 1947, it declared itself a Sovereign, Democratic and Republic state\xe2\x80\xa6 https://t.co/Y4p4OJybju'",b'HumanHope_Fdn',"b'Shimla, India'"
26-01-2022 08:30,"b'""A nation\'s culture resides in the hearts and in the soul of it\'s people""\n\nWishing Happy Republic Day to all \xf0\x9f\x87\xae\xf0\x9f\x87\xb3 \nja\xe2\x80\xa6 https://t.co/LI97Mjrv9a'",b'moymath_academy',"b'Kolkata, WB, India'"
26-01-2022 07:00,b'Let us pledge to always keep the tricolour high and rising.Happy Republic Day 2022\n\n#arintercollege  #Iamsafe\xe2\x80\xa6 https://t.co/eD8bhDE59H',b'khan_mohdfarooq',"b'Fatehpur, India'"
26-01-2022 05:36,"b'From being the world\xe2\x80\x99s largest Republic to becoming the world\xe2\x80\x99s largest workforce, the journey to #PowerAhead begin\xe2\x80\xa6 https://t.co/EMbNRikqHS'",b'Great_Learning',"b'Gurgaon, India'"
26-01-2022 05:31,b'An occasion to celebrate Indianness. Team JustTutors Wishes Happy 73rd #RepublicDay.\n\n#republicday2022\xe2\x80\xa6 https://t.co/37KyzqCGWB',b'HelloJusttutors',"b'Noida, India'"
26-01-2022 03:40,"b""Freedom has come with the sacrifices of our freedom fighters, so let's pledge to protect it. Happy #RepublicDay!\xe2\x80\xa6 https://t.co/MDOx8zssQL""",b'GnduOnline',"b'New Delhi, India'"
26-01-2022 03:35,b'Let us celebrate Republic Day by thanking those who sacrificed lives for us. Happy #Republic Day.\n#onlineeducation\xe2\x80\xa6 https://t.co/wl9Pywkzu4',b'dbuglobalonline',"b'Guwahati, Assam, India'"
26-01-2022 03:30,b'You will find the key to success under the alarm clock.~ Benjamin Franklin\n\nhttps://t.co/nU2c3DTRxi\xe2\x80\xa6 https://t.co/e6dCNpYMbv',b'oceanplayedu',b'India'
26-01-2022 03:26,b'Let\xe2\x80\x99s salute the sacrifices made by #freedom fighters and soldiers who made us realise the dream of an independent\xe2\x80\xa6 https://t.co/rRF6JSjMgf',b'U18Alumni',b'Gurgaon - India'
26-01-2022 02:30,"b'#RightToEducation must be achieved through the right and advanced way of #learning. This #RepublicDay , we pledge t\xe2\x80\xa6 https://t.co/oSZ0hKc0e6'",b'JetkingLtd',b'India'
25-01-2022 21:18,"b""Despite being the world's biggest carbon polluter, China is also the largest producer of most of the world's critic\xe2\x80\xa6 https://t.co/wIbK3Ks1wr""",b'AAMCTraining',"b'Aust, India,Indonesia, Philipp'"
25-01-2022 18:11,b'@Edumatica_io D. They may be suspended during Emergency\n#Giveaway #Competition #ContestAlert #RepublicDay2022\xe2\x80\xa6 https://t.co/M1hQkJKOHE',b'joydiphazarika',"b'Mumbai,India'"
25-01-2022 18:09,"b'@Edumatica_io So much of diversity, yet the country stays united and strong !! #Giveaway #Competition #ContestAlert\xe2\x80\xa6 https://t.co/lyo7crKg1S'",b'joydiphazarika',"b'Mumbai,India'"
25-01-2022 16:53,"b""We are honoured to present our associate partner for this year's VONG SDG Championship: @pluskul  - a modern guruku\xe2\x80\xa6 https://t.co/Z0XubJGj5j""",b'OrionYouth',"b'New Delhi, India'"
25-01-2022 15:42,b'Watch my latest video on my Youtube channel\xe2\x96\xb6\xef\xb8\x8fVideo Link \nhttps://t.co/C8OQrXpLQX\n#subscribe #YouTube\xe2\x80\xa6 https://t.co/eiH04LUtIN',b'BavdeepKaur',"b'Anandpur Sahib, India'"
25-01-2022 13:42,"b""Meta says it will soon have the world's fastest AI supercomputer | ZDNet https://t.co/FdsH5ToM9b  #aamctraining #meta #onlineeducation""",b'AAMCTraining',"b'Aust, India,Indonesia, Philipp'"
25-01-2022 12:30,b'In 1954 C.V was honoured with the first Bharat Ratna by the government of India.\n\nhttps://t.co/nU2c3DCgFK\n\n#Facts\xe2\x80\xa6 https://t.co/78i7ZbLDHH',b'oceanplayedu',b'India'
25-01-2022 09:36,b'Top elearning web &amp; app solution development company\n@Multigraphics4      \nhttps://t.co/aEu6F7876q   \n#eLearning\xe2\x80\xa6 https://t.co/7IUZGR8xeo',b'Multigraphics4',"b'New Delhi, India'"
25-01-2022 07:07,b'10 Ways You Can Build Leadership Communities in a Hybrid World of Work \nhttps://t.co/87Kq4y5DBU \n#aamctraining #cpd #lms #onlineeducation',b'AAMCTraining',"b'Aust, India,Indonesia, Philipp'"
25-01-2022 05:20,b'#https://www.ticse.org/mbbs\n#ticse.org/studyabroad/study-in-usa\n#studyabroad #medicalcollege #neetpreparation\xe2\x80\xa6 https://t.co/S6aFZ2pzQr',b'theimmaculate3',b'Chennai India'
25-01-2022 02:50,b'Gujarat University Allows Post-Graduate Students The Freedom To Appear In Examination Any Time Between 7 a.m. to 7\xe2\x80\xa6 https://t.co/aDsDhOSEjn',b'vibesofindia_',b'India'
25-01-2022 02:30,"b""So long as your desire to explore is greater than your desire to not screw up, you're on the right track.\xe2\x80\xa6 https://t.co/DuRVLV80dA""",b'oceanplayedu',b'India'
24-01-2022 14:45,b'@Edumatica_io D. They may be suspended during Emergency \n#Giveaway #Competition  #RepublicDay2022 #Celebration\xe2\x80\xa6 https://t.co/rPglIV8BuL',b'Sweetuk_81',b'India'
24-01-2022 14:30,b'Raman Effect change in the wavelength of light that occurs when a light beam is deflected by molecules.\xe2\x80\xa6 https://t.co/32xD4rajKT',b'oceanplayedu',b'India'
24-01-2022 13:34,b'Our Education system at Etoos India is like students are feeling as they are taking classroom course while they are\xe2\x80\xa6 https://t.co/6k19yKJhJ3',b'EtoosIndia',"b'Kota,India'"
24-01-2022 12:47,b'The digital transformation of education has the power to bridge gaps. Happy International Day of Education.\xe2\x80\xa6 https://t.co/RZGKfMfl6V',b'StratviewR',b'India'
24-01-2022 11:41,b'@Edumatica_io A3) D. They may be suspended during Emergency \n#Giveaway #Competition  #RepublicDay2022 #Celebration\xe2\x80\xa6 https://t.co/M2gsES66kY',b'Kavita_1907',"b'Mumbai, India'"
24-01-2022 09:54,b'@Edumatica_io D. They may be suspended during Emergency \n#Giveaway #Competition #ContestAlert #RepublicDay2022\xe2\x80\xa6 https://t.co/rTLPMZUr5T',b'DineshS22193571',"b'Patna, India'"
24-01-2022 09:35,b'@Edumatica_io D. They may be suspended during Emergency \xe2\x9c\x85\n#Giveaway #Competition #ContestAlert #RepublicDay2022\xe2\x80\xa6 https://t.co/sYOqZL9j2b',b'Cutiepie_Angel2',"b'New Delhi, India'"
24-01-2022 09:23,b'@Edumatica_io D. They may be suspended during Emergency \n#Giveaway #Competition  #RepublicDay2022 #Celebration\xe2\x80\xa6 https://t.co/lkKe0ylS66',b'Deepanshu566605',"b'Sonipat, India'"
24-01-2022 09:23,b'@Edumatica_io D. They may be suspended during Emergency \n#Giveaway #Competition  #RepublicDay2022 #Celebration\xe2\x80\xa6 https://t.co/kmXNHy3Gn2',b'cuteushakumari',"b'Chandigarh, India'"
24-01-2022 09:20,b'@Edumatica_io D. They may be suspended during Emergency \n#Giveaway #Competition  #RepublicDay2022 #Celebration\xe2\x80\xa6 https://t.co/5oY4qaa90K',b'Riteshkr_',b'India'
24-01-2022 09:12,b'@Edumatica_io D. They may be suspended during Emergency \n#Giveaway #Competition  #RepublicDay2022 #Celebration\xe2\x80\xa6 https://t.co/UnbSd1rjkx',b'IDeepak9835',"b'Patna, India'"
24-01-2022 09:09,b'@Edumatica_io D. They may be suspended during Emergency \n#Giveaway #Competition #ContestAlert #RepublicDay2022\xe2\x80\xa6 https://t.co/8208vSOoTg',b'Harshpr01180227',b'India'
24-01-2022 07:26,b'With myoohr make your schooling innovative and entertaining. \n#elearning #education #onlinelearning #edtech #school\xe2\x80\xa6 https://t.co/UW36lt919n',b'oohrinnovations',b'India'
24-01-2022 02:30,b'There is only one thing that makes a dream impossible to achieve: The Fear Of Failure.\n\nhttps://t.co/nU2c3DCgFK\xe2\x80\xa6 https://t.co/wy3PEVJeAu',b'oceanplayedu',b'India'
23-01-2022 14:16,b'Some great advantages of online learning:\n\xe2\x80\xa2 Convenient\n\xe2\x80\xa2 Flexible\n\xe2\x80\xa2 Scalable\n\xe2\x80\xa2 Time-saving\n\xe2\x80\xa2 Better retention\n\xe2\x80\xa2 Per\xe2\x80\xa6 https://t.co/idOD6vRUCv',b'abiskarandlearn',b'India'
23-01-2022 13:30,b'C.V Raman was the first to investigate the harmonic nature of the sound of the Indian drums such as the Tabla and t\xe2\x80\xa6 https://t.co/F040QU3uyG',b'oceanplayedu',b'India'
23-01-2022 12:46,"b'Virtual classes return, are we heading towards another year of promotion? | Siasat Career Guidance\xe2\x80\xa6 https://t.co/Irzv0DfHoQ'",b'thesiasattv',"b'Hyderabad, India'"
23-01-2022 11:29,b'@Edumatica_io UNITY IN DIVERSITY \n\n#Giveaway #Competition #ContestAlert #RepublicDay2022 #Celebration\xe2\x80\xa6 https://t.co/NApekhVcmm',b'Anitanegidubey',"b'Dehradun, India'"
23-01-2022 11:25,b'@Edumatica_io UNITY IN DIVERSITY \n\n#Giveaway #Competition #ContestAlert #RepublicDay2022 #Celebration\xe2\x80\xa6 https://t.co/xU13MIL3Tf',b'soans_g2',"b'Bengaluru, India'"
23-01-2022 09:40,b'Online BBA programme offered by Manav Rachna Centre for Distance and Online Education produces competent profession\xe2\x80\xa6 https://t.co/J2lJe28FJh',b'manav_rachna',b'India'
23-01-2022 05:39,b'We assist to offer students good quality online education and https://t.co/9mwI8wirSu Online courses for everyone.\xe2\x80\xa6 https://t.co/CdHcBk4B83',b'UAvcad',"b'Kolkata, India'"
23-01-2022 02:30,b'All progress takes place outside of your comfort zone. ~ Michael John Bobak\n\nhttps://t.co/nU2c3DCgFK\xe2\x80\xa6 https://t.co/vmxcRss9C4',b'oceanplayedu',b'India'
22-01-2022 12:30,b'Who was the first and last woman ruler of India?\nType your answer in the comment box!\n\nhttps://t.co/nU2c3DCgFK\xe2\x80\xa6 https://t.co/ByKMoIxnYK',b'oceanplayedu',b'India'
22-01-2022 06:57,b'upGrad launches the upGrad Alumni Network for its alumni base. \n\n#Edtech #alumni #online #education\xe2\x80\xa6 https://t.co/Jwda5va5Ei',b'tt_edugraph',"b'Kolkata, India'"
22-01-2022 04:45,b'The amount of writing has reduced and so has the monitoring. #handwriting #OnlineClasses #OnlineEducation #Kolkata\xe2\x80\xa6 https://t.co/zgAJOsdiwS',b'TT_My_Kolkata',"b'Kolkata, India'"
22-01-2022 03:45,"b'The schools that will record practicals include Sanskrit Collegiate School, Sakhawat Memorial Government Girls\xe2\x80\x99 Hig\xe2\x80\xa6 https://t.co/j5ePQRIRz3'",b'TT_My_Kolkata',"b'Kolkata, India'"
22-01-2022 02:30,b'You get in life what you have the courage to ask for.~ Oprah Winfrey\n\nhttps://t.co/nU2c3DCgFK\n\n#MorningMotivation\xe2\x80\xa6 https://t.co/Jg50htWqIQ',b'oceanplayedu',b'India'
22-01-2022 02:20,b'Online tutor WordPress theme teach classes elearning education coaching \nhttps://t.co/a0Rhclc2KM #OnlineTutor\xe2\x80\xa6 https://t.co/CE1UoFMbiA',b'sktthemes',b'India'
29-01-2022 17:13,"b""Let's continue last Wednesday's trivia question. If you can name more than one, you're awesome!\n\n#triviaquiz\xe2\x80\xa6 https://t.co/NOFAxdPfxk""",b'schoolgroup_org',b'US | Nepal | India | Worldwide'
29-01-2022 15:37,"b'Launching ""MedxLife E-Library"" tomorrow \n\nStay Tuned \n\nHappy Learning Folks \n\n#medxlife #medlife #MedTwitter\xe2\x80\xa6 https://t.co/71aZjlKVA6'",b'MedxLife',b'India'
29-01-2022 15:08,b'Big Congrats @KnoWerX  Family For Completing Long 30 Years\n #30thanniversary #30th #anniversary #celebration\xe2\x80\xa6 https://t.co/XtCwLukfUX',b'toposant55',"b'Kolkata, India'"
29-01-2022 12:40,b'just #learning with Er. A. K. Mishra\nGeometric Mean | Geometric Progression | #shorts #JEE #JEEMains #Class11...\xe2\x80\xa6 https://t.co/Me8SapRePF',b'examanomy',b'India'
29-01-2022 11:30,"b'There are just three days remaining to enroll in the courses, so hurry!\n.\nhttps://t.co/FefwExVbuy\n.\n#learning\xe2\x80\xa6 https://t.co/SjXHlk7zgF'",b'nptelindia',"b'Chennai, India'"
29-01-2022 10:13,b'How to Get the Best Online Test Software https://t.co/Exnr7uCExf\n#onlineexams #onlinelearning #LMS #examsoftware\xe2\x80\xa6 https://t.co/rpOvjtF2ql',b'Multigraphics4',"b'New Delhi, India'"
29-01-2022 09:47,b'Follow this link to join YOUR ** ANGULAR Free Master class**:\nhttps://t.co/Ioep21SmuO\n\xe2\x9a\xa0\xef\xb8\x8f E- Certificate will be pro\xe2\x80\xa6 https://t.co/Dsh4nqo062',b'allprotrainings',"b'Chennai, India'"
29-01-2022 09:30,"b'@NeerDash, MS-DEED team and 100+ participants across the state doing simple yet effective experiments to try new wa\xe2\x80\xa6 https://t.co/6vBbbuq7bs'",b'CoESMEIISERPUN1',"b'Pune, INDIA'"
29-01-2022 08:55,b'IGNOU Admission 2022: IGNOU launches PG diploma in migration and diaspora\n\n#IGNOU #admissions #migration #diaspora\xe2\x80\xa6 https://t.co/U3ae4SGx47',b'careers360',b'India'
29-01-2022 07:36,"b""We Get It- It's hard to grow with expanding competition and changing expectations. We Grow Schools and the courage\xe2\x80\xa6 https://t.co/kylihMOmAx""",b'oohrinnovations',b'India'
29-01-2022 07:19,b'What do you think is the correct answer?\n\nTell us in the comments below\n\n#ArtificialIntelligence #DataScience\xe2\x80\xa6 https://t.co/cvUObYWJjO',b'FolkzData',b'India'
29-01-2022 06:59,"b'There are two possible answers, which one did you get?\n1+4=5\n2+5=12\n3+6=21\n8+11=?\n\nTell us your answers in the comm\xe2\x80\xa6 https://t.co/Q66kDVqQhW'",b'TataStudi',b'India'
29-01-2022 06:56,b'UGC approves four more universities to offer online degree programmes\n#UGC #onlinelearning \nhttps://t.co/VGVejHQlAG https://t.co/ClMapsPREf',b'careers360',b'India'
29-01-2022 06:49,b'What are the most important aspects of guest posting?\n#seo\n#digitalmarketingservices \n#onlinelearning \n#Blogs \n#WebsiteTraffic \n#news',b'ArafatAliMolla1',"b'Kolkata, India'"
29-01-2022 06:23,b'Learn #Trading from our experts\nLearn and trade in the #StockMarket the best #StockTrading strategies for beginners\xe2\x80\xa6 https://t.co/jcqMguksgv',b'tech_funda_',"b'Ghaziabad, India'"
29-01-2022 06:15,b'Chennai North district of YUCI is conducting an online Career Guidance Webinar on 30.01.2022 (Sunday) from 6 pm onw\xe2\x80\xa6 https://t.co/p0DKMMhAAe',b'Yuciactivities',b'India'
29-01-2022 05:36,b'STUDENT WORKS: Doodle works by my students from the Level-2 online program. \n\n#art #teacher #artshare\xe2\x80\xa6 https://t.co/d7CuOtXEUs',b'AbirK_ArtClass',b'India'
29-01-2022 05:30,b'Limitations of analysis of Financial Statements.\nA piece by @ShaunakMainkar \nhttps://t.co/empABrin8s\n\nShare with yo\xe2\x80\xa6 https://t.co/XrYf17eIfp',b'proficientacad',"b'Pune, India'"
29-01-2022 05:23,"b'Our dedicated students, methods and results make our program the best one for cracking competitive examinations!\n\nE\xe2\x80\xa6 https://t.co/8ub40UohYb'",b'gcisikar',"b'Sikar, India'"
29-01-2022 05:16,b'Learning can help you get to your goals faster. Our online course allows you to learn from home without being at a\xe2\x80\xa6 https://t.co/WzRQs8CugD',b'IndSkillCapital',b'India'
29-01-2022 04:40,b'Groom Your Child With Expert - Continue Learning For Your Child With The Best Online Pre School Program &amp; Research-\xe2\x80\xa6 https://t.co/NRqY8Mb2fK',b'alludepreschool',"b'Noida, India'"
29-01-2022 04:32,b'Its an honour and complete pleasure to talk on a topic close to my heart.\nWill be talking about\n\xf0\x9f\x92\xa5Sustaining educati\xe2\x80\xa6 https://t.co/qJ2g7Iysl1',b'divyaa24',"b'Mumbai, India'"
29-01-2022 03:59,b'The Future of the world is in my #classroom today. https://t.co/Pzx15AA8r7\n\n#onlinelearning #DigitalTransformation https://t.co/05vXMGWv7e',b'digitalteach1',"b'Hyderabad, India'"
29-01-2022 03:58,b'Join us for a live problem-solving session!\n.\nhttps://t.co/7EcHciN8tz\n.\n#nptel #nptellivesession #onlinelearning\xe2\x80\xa6 https://t.co/x5Iow9827T',b'nptelindia',"b'Chennai, India'"
29-01-2022 03:30,b'Warli is one of the oldest forms of Indian folk art. Our members have not only enjoyed but also aced it in our Warl\xe2\x80\xa6 https://t.co/3g26bFcCqw',b'EvergreenClubIN',b'India'
29-01-2022 03:29,b'Shaping the Future of Online Learning with Gooroo Ed-Tech #TheJeffBullasShow #edtech #onlinelearning https://t.co/8ym18dKlee',b'webdew_com',"b'Chandigarh, India'"
29-01-2022 03:02,"b'When I\xe2\x80\x99m Offline,\nAm only worried about daily needs, food, career, family, etc.\n\nThe moment I\xe2\x80\x99m Online,\nStart worry\xe2\x80\xa6 https://t.co/buT7Bsu0IY'",b'coolrajivpal',"b'Ahmadabad City, India'"
29-01-2022 01:12,"b'Looking back, I\xe2\x80\x99ve been super lucky in this regard - to have #leaders who pulled me out of many comfort zones witho\xe2\x80\xa6 https://t.co/pmxO0vcwgb'",b'anisharavind',"b'Kochi, Kerala, India'"
28-01-2022 20:40,b'STUDENT WORKS: These works were done by my students in the  Level-1 Basic program aging 4 -8 years. \n\n#art\xe2\x80\xa6 https://t.co/NsDX9JJ3bG',b'AbirK_ArtClass',b'India'
28-01-2022 15:35,b'Teacher: Please write enough in your exams and do take supplements\n\nStudent: *Draws margins on their exam paper whi\xe2\x80\xa6 https://t.co/SRIFC7T9XL',b'TataStudi',b'India'
28-01-2022 14:42,"b""Isn't it fun and easy to watch engaging animated videos rather than reading a boring textbook explaining the same c\xe2\x80\xa6 https://t.co/fARssMnKz2""",b'SmartSchoolinfo',"b'Delhi , INDIA'"
28-01-2022 13:00,b'Learn in your flexible timings from anywhere on any device. Know more at https://t.co/S0hqteo2Ef\n#skills\xe2\x80\xa6 https://t.co/H2uNLEwXNu',b'uLektz',"b'Chennai, India'"
28-01-2022 12:18,b'Importance of Gamification in the world of online LMS \nEvery training professional has encountered a common problem\xe2\x80\xa6 https://t.co/L6jYBjiGCC',b'Prabhu_DS',"b'Narasinghpur, Odisha, India'"
28-01-2022 12:02,b'Google Certified Professional Cloud Architect 2021 Self-paced Learning by Nitin\n\nEnroll now:\xe2\x80\xa6 https://t.co/5nZIwHg1Z2',b'Infosec_Train',b'India'
28-01-2022 11:43,"b""4 days left to enroll! \nDon't let this opportunity pass you by!\n.\nhttps://t.co/FefwExVbuy\n.\n#onlinelearning\xe2\x80\xa6 https://t.co/6DbxgYVsuA""",b'nptelindia',"b'Chennai, India'"
28-01-2022 10:06,b'@R_MIG86 Bit long reply for how we do #Homeschooling and an absolute big no to #whitehatjr or #Byjus or any\xe2\x80\xa6 https://t.co/a6P8SQ5Edk',b'isankitsharma',b'India'
28-01-2022 09:10,"b'With easy to follow modules, fun quizzes and a knowledge wall, iScuela transforms the learning experience from tedi\xe2\x80\xa6 https://t.co/NHWwhrkSfi'",b'iScuela',b'India'
28-01-2022 09:00,b'Amazon Web Services: AWS Interview Questions Preparation\n\nEnroll now: https://t.co/m6T0f9ZsfP\n\n#aws #cloud\xe2\x80\xa6 https://t.co/kOhRjXVN99',b'Infosec_Train',b'India'
28-01-2022 08:05,"b'Accha khasa topic tha WAVES AND OPTICS 4th semester mein, or inhone Lga diye humare!\n\n#gargicollege #Delhiuniversity #onlinelearning'",b'UtkarshaVerma21',"b'New Delhi, India'"
28-01-2022 07:31,b'Avodha Education For a Job | #avodha #kochi #onlinelearning #onlinetraining #Training \n\nhttps://t.co/bKtUGQWnxX',b'hiphopjrmoncy',b'India'
28-01-2022 07:27,b'Have a glimpse of the online Training of Trainers Program commenced yesterday on Unarmed Security Guard and Securit\xe2\x80\xa6 https://t.co/hudvouoxWz',b'MEPSCindia',"b'New Delhi, India'"
28-01-2022 06:49,"b""Sign up for our FREE Demo class on 1st February'22 conducted by Mr. Anurag Sushant on LAW Entrance Exam Courses lik\xe2\x80\xa6 https://t.co/hMCbcmiAg9""",b'CommuneGurukul',"b'Varanasi, India'"
28-01-2022 06:28,b'The Benefits of Preschool Education: \nA List of Benefits a Child Learns from Attending Preschool\nWe all know that d\xe2\x80\xa6 https://t.co/IfeI2HSluV',b'madeeasypresch',"b'New Delhi, India'"
28-01-2022 06:12,"b'21st century #classroom solution that adds personalization, #interactivity and digitization to traditional learning\xe2\x80\xa6 https://t.co/SoW6pGRmlC'",b'globus_infocom',"b'Noida, India'"
28-01-2022 04:32,"b'A rewarding career awaits you... \nWith our guidance and resources,  you can achieve everything you desire.\n\nAdmissi\xe2\x80\xa6 https://t.co/FgnLA56A4U'",b'gcisikar',"b'Sikar, India'"
28-01-2022 04:18,"b""#onlineexams surely is a hassle and very annoying cause of network problems too but it's ok.... atleast u can cheat\xe2\x80\xa6 https://t.co/OhqkN355dR""",b'SAMYAKRB2314',b'India'
28-01-2022 04:12,b'What is the National Producer Number and who assigns it?\nRead more: https://t.co/QxH1ETmZOQ\n#programming #NPN\xe2\x80\xa6 https://t.co/Kz0I2TbYYe',b'Webners',"b'Chandigarh, India'"
28-01-2022 03:52,"b'STUDENT WORK: This was done by a 14 year old, Sarayu, in my Level-2 online practice sessions. \n\n#art #artwork\xe2\x80\xa6 https://t.co/mNzEeXqosn'",b'AbirK_ArtClass',b'India'
28-01-2022 02:55,"b'With schools having been closed for long periods, learning has inevitably taken a hit\n\n@IshaanGera reports\xe2\x80\xa6 https://t.co/HQReYNqbUT'",b'bsindia',b'India'
27-01-2022 20:30,"b'Technology is making it possible for students to take exams from anywhere, but will this trend continue?\xe2\x80\xa6 https://t.co/WDTquF3QED'",b'EnFuseSolution',"b'Mumbai, India'"
27-01-2022 20:29,b'Importance of Gamification in the world of online LMS \nEvery training professional has encountered a common problem\xe2\x80\xa6 https://t.co/dmojK3W1t8',b'Prabhu_DS',"b'Narasinghpur, Odisha, India'"
27-01-2022 19:45,b'The answer is 12.\n\nCourtesy of \xe2\x81\xa6@QuizBreaker\xe2\x81\xa9\n\n#trivia #learningmanagementsystem #lms #perks #customized\xe2\x80\xa6 https://t.co/U58oKMccBm',b'schoolgroup_org',b'US | Nepal | India | Worldwide'
27-01-2022 17:39,b'09th Batch of Life Coach Certification is Successfully completed!\n\nCongratulations!\nRathod Tanvi\n#lifeskills\xe2\x80\xa6 https://t.co/HsdpPLuV99',b'counselor_CKJ',"b'New Delhi, India'"
27-01-2022 13:35,b'Want to know how you can be in charge of your learning?\n\nGo beyond syllabus with our speakers by checking out the r\xe2\x80\xa6 https://t.co/LFtHcOxB90',b'TataStudi',b'India'
27-01-2022 09:28,b'How to Build an App like edX - Hongkiat - https://t.co/c3SE01tta3  #userexperiencedesign #interfacedesign\xe2\x80\xa6 https://t.co/FFK7GZdTeU',b'one_rajneesh',"b'Chandigarh, India'"
27-01-2022 09:02,b'Amazon Web Services: AWS Interview Questions Preparation\n\nEnroll now: https://t.co/Ar0y6SAwWY\n\n#aws #cloud\xe2\x80\xa6 https://t.co/bPIYL4YEXM',b'Infosec_Train',b'India'
27-01-2022 08:10,"b'Difference between flows, workflows and Process Builder in Salesforce\nRead more: https://t.co/NyWABGElAA\xe2\x80\xa6 https://t.co/HmWg7yodEJ'",b'Webners',"b'Chandigarh, India'"
27-01-2022 07:30,b'Learn the overview of SQL Database in Microsoft Azure and understand various important concepts that concern Azure\xe2\x80\xa6 https://t.co/h7Hr3TDk1h',b'edurekaIN',b'India'
27-01-2022 07:08,"b'TiE Kolkata webinar on Unravelling the Metaverse by Mr. Nikhil Malhotra, CIO, Tech Mahindra, Moderated by Mr. Abhis\xe2\x80\xa6 https://t.co/7HCG3c5ZPE'",b'TiEKolkataa',"b'Kolkata, India'"
27-01-2022 07:00,b'Get up to 44% off on \xf0\x9d\x90\x8b\xf0\x9d\x90\x9a\xf0\x9d\x90\xb0 \xf0\x9d\x90\xa8\xf0\x9d\x90\x9f \xf0\x9d\x90\x93\xf0\x9d\x90\xa8\xf0\x9d\x90\xab\xf0\x9d\x90\xad\xf0\x9d\x90\xac #\xf0\x9d\x90\x8b\xf0\x9d\x90\x9a\xf0\x9d\x90\xb0\xf0\x9d\x90\x81\xf0\x9d\x90\xa8\xf0\x9d\x90\xa8\xf0\x9d\x90\xa4 Full Edition. Hurry up and click on the link https://t.co/u47rT9KNHT or\xe2\x80\xa6 https://t.co/CtwjBlKbOs',b'soleeducation',"b'Noida, India'"
27-01-2022 06:30,"b'Learning is the topmost priority of educational institutions, regardless of the forms. Edneed offers both forms of\xe2\x80\xa6 https://t.co/4F8jngQ1ee'",b'EdneedTech',b'India'
27-01-2022 04:53,b'The enrolment deadline is fast approaching. Have you enrolled for Cornell EPM yet?\n\xe2\x9c\x94LIVE interactive sessions\n\xe2\x9c\x94Lear\xe2\x80\xa6 https://t.co/rzpILWtIIf',b'Xed_Learning',"b'Mumbai, India'"
27-01-2022 04:26,b'GuruKripa Career Institute helps you realize your true potential and attain it with easy and focused learning.\n\nEnr\xe2\x80\xa6 https://t.co/RuUHmNTK1n',b'gcisikar',"b'Sikar, India'"
27-01-2022 04:24,b'OPINION | Bridging the digital divide in education\n\n#DigitalDivide #OnlineLearning \n\nhttps://t.co/rx4HTjzp2y',b'FinancialXpress',"b'New Delhi, India'"
27-01-2022 02:20,b'How to #exclude multiple #terms from #WP_Term_Query by term name\n.\nRead More:\xf0\x9f\x91\x89  https://t.co/4ptWVXVeg7\n.\n.\xe2\x80\xa6 https://t.co/MxDi5PMOdv',b'techwebsitetrix',"b'New Delhi, India'"
27-01-2022 00:00,b'Trends In Remote Learning And Predictions For How It Will Evolve Post-COVID - EdTechReview\xe2\x80\xa6 https://t.co/g9xEx9xoZL',b'etr_in',b'India'
26-01-2022 18:20,"b""With faith in our hearts and independence in our thoughts, let's salute the Nation. Happy Republic Day!\xe2\x80\xa6 https://t.co/fckok516Ko""",b'learning_elf',"b'Bengaluru, India'"
26-01-2022 18:18,b'How AI and language intelligence are helping employees learn\n\nhttps://t.co/tnXXXEcKZu\n\n#ai #artificialintelligence\xe2\x80\xa6 https://t.co/QfFZ0j5ZkW',b'BSEtech',b'India'
26-01-2022 17:18,b'Importance of Gamification in the world of online LMS \nEvery training professional has encountered a common problem\xe2\x80\xa6 https://t.co/bytQ6kEsFI',b'Prabhu_DS',"b'Narasinghpur, Odisha, India'"
26-01-2022 16:43,"b'Over the past 19 months, my children and I tried to work around various ways to build investment towards\xe2\x80\xa6 https://t.co/oBbiX9G1le'",b'sarishthasaha',"b'Kolkata, India'"
26-01-2022 13:41,b'Less than a week left to enroll for the set 1 courses of the January 2022 semester!\n.\nhttps://t.co/FefwExVbuy\n.\xe2\x80\xa6 https://t.co/QYltjKI8Ow',b'nptelindia',"b'Chennai, India'"
26-01-2022 12:36,b'Give a try free demo udemy clone script - Expert Plus LMS : https://t.co/8e7THqidlh \n\n#bestlms #education\xe2\x80\xa6 https://t.co/rHOEQYKaaz',b'BSEtech',b'India'
26-01-2022 12:01,b'Tune into our Awareness Workshop on YouTube to know more about NPTEL!\nhttps://t.co/JGIKcZAXoC\n.\nOn 27th January at\xe2\x80\xa6 https://t.co/GcHvsD0QCF',b'nptelindia',"b'Chennai, India'"
26-01-2022 09:48,b'The Best udemy clone script - Expert Plus LMS : https://t.co/whI8BJc4ls \n\n#bestlms #education #elearningsoftware\xe2\x80\xa6 https://t.co/TPhf3SQEhB',b'BSEtech',b'India'
26-01-2022 08:42,b'Everyone who is born in this great land has\nonly one identity - WE ARE ALL INDIANS\n#26january #republic #day\xe2\x80\xa6 https://t.co/bE1fcdNMjy',b'TutorAmaze',b'India'
26-01-2022 06:26,b'Happy Republic Day\xf0\x9f\x87\xae\xf0\x9f\x87\xb3\nhttps://t.co/t72TACJ5z1\n#bsa #basicshikshaacademy #RepublicDayIndia #nationalfestival\xe2\x80\xa6 https://t.co/Ki6YFuyuVZ',b'BasicShikshaAc1',b'India'
26-01-2022 05:50,b'Let us remember the @Golden heritage of our #Country and feel @proud to be a part of #India.\nHappy #Republic Day 20\xe2\x80\xa6 https://t.co/IRSc4e5xvN',b'rakeshprajapat_',"b'indore, India'"
26-01-2022 05:46,b'Please do watch it my niece #storytelling competition.\n\n#onlinelearning #Onlineclass\n\nhttps://t.co/bq4jfi9hvJ',b'RAV000007',"b'Gurgaon, India'"
26-01-2022 05:41,b'Happy #RepublicDayIndia #Republicans #Indian #India #onlineshopping #onlinelearning https://t.co/rxvLUAborQ',b'rajatdhounchak',"b'Rohtak, India'"
26-01-2022 05:34,b'Higher Education Abroad Thrives Post Pandemic for Indian Students \n https://t.co/8EyDgghRqf\n\n#edtech #edtechstartup\xe2\x80\xa6 https://t.co/w2jdEv6rwL',b'etr_in',b'India'
26-01-2022 05:23,b'@upscfever wishes you all a very #HappyRepublicDay2022!\n\n\xf0\x9f\x8c\x90 : https://t.co/1XCi1xzdW5\n\xf0\x9f\x93\x9a Encyclopedia for all\xe2\x80\xa6 https://t.co/22n8HU1Vx5',b'upscfever',b'India'
26-01-2022 04:53,b'Online bootcamp Simplilearn partners with German University for dual-degree MBA course - Telegraph India\xe2\x80\xa6 https://t.co/rtnrk8jGu6',b'Hemanthnaidu98',"b'Coimbatore, India'"
26-01-2022 04:45,"b'Wishing an unrelenting generation of learners, that are constantly pushing boundaries, #happyrepublicday \n\n#eduonix\xe2\x80\xa6 https://t.co/CkqM1piXtx'",b'Tutor_Eduonix',b'India'
26-01-2022 04:38,b'#FreeTraining #onlinelearning\n\n\xf0\x9f\x91\xa8\xe2\x80\x8d\xf0\x9f\x92\xbb FREE 30 days access to @googlecloud training. \n\n\xf0\x9f\x96\xa5\xef\xb8\x8f Register by January 31\xe2\x80\xa6 https://t.co/yIJiwdRuXU',b'21sparksacademy',"b'Chengam, India'"
26-01-2022 04:00,"b'#happyrepublicday #2022newyear\nWith #pride in our hearts and a smile on our faces, the OMOTEC #team wishes you and\xe2\x80\xa6 https://t.co/ywRYEm35Qs'",b'OMOTECHINDIA',"b'Mumbai, India'"
25-01-2022 18:35,"b""Happy republic day! Today was when India's constitution was made, and we got independence in real sense.\xe2\x80\xa6 https://t.co/ZVcx9yY9FI""",b'gcisikar',"b'Sikar, India'"
25-01-2022 17:02,b'Our New Card!!! \nPlace your order nowwww!!!\n\n#Bhopal #stationery #Homework #Classof2021 #onlinelearning\xe2\x80\xa6 https://t.co/epkuw8ZI7j',b'SahpathiStore',"b'Bhopal, India'"
25-01-2022 16:50,b'Importance of Gamification in the world of online LMS \nEvery training professional has encountered a common problem\xe2\x80\xa6 https://t.co/FnmQP753C3',b'Prabhu_DS',"b'Narasinghpur, Odisha, India'"
25-01-2022 14:10,b'Punjab govt ties up with Khan Academy to generate educational content in Punjabi for school students\n\n#khanacademy\xe2\x80\xa6 https://t.co/EXgVT37QHh',b'careers360',b'India'
25-01-2022 13:25,"b""There's no better time than now\xe2\x80\x94enroll in early!\n.\nhttps://t.co/FefwExVbuy\n.\n#onlinecourse #onlinecourses\xe2\x80\xa6 https://t.co/wzJecMcUvT""",b'nptelindia',"b'Chennai, India'"
25-01-2022 12:26,b'What a time to return to physical school as we celebrate #UNESCO International Day of Education and\xe2\x80\xa6 https://t.co/ubMJinE1iu',b'PriyaPwnK',b'India'
25-01-2022 12:17,"b'Learn more about Certifications, Local Chapters, and other subjects by watching the NPTEL Workshop on YouTube!\n.\xe2\x80\xa6 https://t.co/bgttRBQmUJ'",b'nptelindia',"b'Chennai, India'"
25-01-2022 11:51,"b'No shark will decline your pitch if it has three big pillars behind it- Plan, Practice, Perfect!\n\n#SharkTank\xe2\x80\xa6 https://t.co/HSFPwSxFvG'",b'TataStudi',b'India'
25-01-2022 11:41,b'Quiz of the Day \n#quiz #QUIZTIME #Maths #Mathematics #QuestionOfTheDay #radianbookcompany #education\xe2\x80\xa6 https://t.co/fppBXF4bNu',b'Radianbooks',b'India'
25-01-2022 11:40,b'Please do not risk lives of small children let #onlinelearning  continue nothing is more imp than the safety of the\xe2\x80\xa6 https://t.co/on6qhFWErV',b'RukhsanaVanjara',"b'Mumbai, India'"
25-01-2022 11:00,b'Schools and colleges shut indefinitely? eLearning platforms have made remote learning a piece of cake.\xe2\x80\xa6 https://t.co/3dIJOtdnjV',b'vplayed',b'India'
25-01-2022 10:27,b'Why leave your home for coaching classes when you can bring it home? Take the online classes to prepare for JEE. Re\xe2\x80\xa6 https://t.co/3qCaDWXmIE',b'AESL_Official',"b'New Delhi, India'"
25-01-2022 10:03,b'Test your observational skill before enrolling into \n@JetkingLtd courses.\nAll in-demand career courses here:\xe2\x80\xa6 https://t.co/F1V3Afsvmo',b'JetkingLtd',b'India'
25-01-2022 10:00,b'why you need to Upskill\n\nCompany sales are dependent on market and your Dependents life is Dependent on your Job\n\nm\xe2\x80\xa6 https://t.co/tkky6l7vg5',b'Nageshgollamudi',b'India'
25-01-2022 09:38,b'EDUONIX REPUBLIC DAY SALE \xf0\x9f\x98\x8d\n\nTake #onlinecourses from @Tutor_Eduonix on your desired topics &amp; enhance your skills.\xe2\x80\xa6 https://t.co/jHHo5OYOMu',b'CouponRani',b'India'
25-01-2022 09:23,b'Me after long 5 hours continuous online class \xf0\x9f\xa4\xaf\xf0\x9f\x91\x80\n\n#Online #onlinelearning #onlineexams #100DaysOfCode #onlinecourses https://t.co/9BAJwfGWXe',b'ImShubh_08',b' India'
25-01-2022 09:22,b'Education in India during Covid-19: Challenges faced and solutions for a post-pandemic era By: Mr Shekhar Mehta\xe2\x80\xa6 https://t.co/tpNGxTZFMU',b'Hemanthnaidu98',"b'Coimbatore, India'"
25-01-2022 09:17,b'Upskill yourself at the start of new year !!!\n\nGrow in your career by end of the year...\n\nConnect with us for more\xe2\x80\xa6 https://t.co/yyJn7o0p8z',b'Peakin189',b'India'
25-01-2022 09:06,b'Get Virtual Degree from IIMA!\n\n#IITDelhi #iitkanpur #Engineering #engineer #wireless #MobileApp #Network\xe2\x80\xa6 https://t.co/uq62oPzkB8',b'guruqindia',"b'New Delhi, India'"
25-01-2022 09:04,b'What are the online learning platforms that you use extensively or would recommend?\n\n#onlinelearning #learning\xe2\x80\xa6 https://t.co/bkvHBDXugw',b'piyushlifecoach',"b'New Delhi, India'"
25-01-2022 09:02,b'Highly profitable skills to Learn! \n\n#learning #education #learn #school #motivation #english #love #study\xe2\x80\xa6 https://t.co/SJXN52c5dh',b'AkshitKennedia',"b'Bangalore,India'"
25-01-2022 08:53,b'We heartily invite you to the official launch of the NPTEL+ portal and the redesigned NPTEL website.\n.\xe2\x80\xa6 https://t.co/ElVq8Bzkbh',b'nptelindia',"b'Chennai, India'"
25-01-2022 08:26,"b""#PadhaiHamariJaariHai\nThe teachers at Aakash BYJU'S put in extra effort to ensure that your learning never stops.\xe2\x80\xa6 https://t.co/E7LLqQgGuw""",b'AESL_Official',"b'New Delhi, India'"
25-01-2022 07:43,b'Online #platform is now necessary requirement of every school. Myoohr provide it for free.\n#onlinelearning\xe2\x80\xa6 https://t.co/1jR5eEItLB',b'oohrinnovations',b'India'
25-01-2022 06:19,b'Education Kolkata schools opt for blended learning - Telegraph India\n\nhttps://t.co/a5MwyTf6Tk\n\n #bYJUS  #Onlinelearning',b'Hemanthnaidu98',"b'Coimbatore, India'"
25-01-2022 06:08,"b'The world is a book, and those who do not travel read only one page. #NationalTourismDay #NationalTourismDay2022\xe2\x80\xa6 https://t.co/eRQJElA0IU'",b'alludepreschool',"b'Noida, India'"
25-01-2022 06:05,"b'Freshworks, Swiggy, Zomato, Flipkart, Apple and more global names on TechSparks 2021 keynote roster\xe2\x80\xa6 https://t.co/fi8KSSEcLa'",b'Hemanthnaidu98',"b'Coimbatore, India'"
25-01-2022 05:47,b'STUDENT WORKS:  This house was a 2-point perspective study that was demonstrated in my online sessions. The intrica\xe2\x80\xa6 https://t.co/nmtsfK9SxE',b'AbirK_ArtClass',b'India'
25-01-2022 05:43,b'We\xe2\x80\x99re looking for some new and exciting books to add to our reading list. Send us your recommendations in the comme\xe2\x80\xa6 https://t.co/XKqHAkuBa0',b'your_kompanions',"b'Gurgaon, Haryana, India'"
25-01-2022 05:11,b'You need to earn Money for Monthly bills for that you need Training  please message for IT Training\n\n#onlinelearning #Training',b'Nageshgollamudi',b'India'
25-01-2022 04:45,"b'A challenging environment leads to greater efforts from both, the students as well as faculties!\n\nEnroll Now! \n\nVis\xe2\x80\xa6 https://t.co/UvQcNnmN86'",b'gcisikar',"b'Sikar, India'"
25-01-2022 04:35,b'Customized multi row selection in Devextreme Datagrid\nRead more: https://t.co/9eBLfp8Dr3\n#programming #Devextreme\xe2\x80\xa6 https://t.co/39cjGnp0FP',b'Webners',"b'Chandigarh, India'"
25-01-2022 04:02,b'Gave up a little too quickly. #onlineteachingfails #zoommeetings #onlinelearning https://t.co/xIajZVEXTB',b'n0ircarnival',"b'Mumbai, India'"
25-01-2022 03:39,b'We are back with another quiz! Do you know the answer?\n\n#Q&amp;A #datascience #datascientist #dataanalyst\xe2\x80\xa6 https://t.co/0WKIFRejj0',b'ExcelrS',b'India'
25-01-2022 00:54,b'Importance of Gamification in the world of online LMS \nEvery training professional has encountered a common problem\xe2\x80\xa6 https://t.co/k3jDvUaPv9',b'Prabhu_DS',"b'Narasinghpur, Odisha, India'"
24-01-2022 19:44,b'#Genius #EduSoft offer the best #School #LearningManagementSystem #Software #ERP with #MobileApplication (#Android\xe2\x80\xa6 https://t.co/yd1dBBHSH1',b'GeniusEdusoft',"b'Ahmadabad City, India'"
24-01-2022 18:54,b'New covid strain already found in Madhya Pradesh which has starting infecting children why are we risking lives her\xe2\x80\xa6 https://t.co/jbuuko5HaF',b'RukhsanaVanjara',"b'Mumbai, India'"
24-01-2022 18:50,b'New strain of omicron already infected in children #maharashtra #mumbai stop risking childrens lives\xe2\x80\xa6 https://t.co/Vp3yi1Lloo',b'RukhsanaVanjara',"b'Mumbai, India'"
24-01-2022 14:41,"b'*YUCI TIRUVALLUR* successfully completed its first webinar on ""Mental health"" with 35+ participants. This webinar w\xe2\x80\xa6 https://t.co/0rKJX8Iu3w'",b'Yuciactivities',b'India'
24-01-2022 14:19,b'An investment in knowledge pays the best interest.\n\n#investing #knowledgeispower #ROI #MONEY #AffiliateMarketing\xe2\x80\xa6 https://t.co/C4jhwoXRoF',b'AmbilyGDas',b'India'
24-01-2022 13:00,"b'One could always wait for the last day, but why should you?\nEnroll now to improve your skills and master new topics\xe2\x80\xa6 https://t.co/MXKqVodbFD'",b'nptelindia',"b'Chennai, India'"
24-01-2022 12:14,"b'Join the informative workshop tomorrow!\nJanuary 25th, 2022, at 10 AM.\nhttps://t.co/h3imUGcuzS\n.\n#learning\xe2\x80\xa6 https://t.co/B6I5N7k543'",b'nptelindia',"b'Chennai, India'"
24-01-2022 10:21,b'Why Training is Important\nTraininng is required for Our Monthly Bills we offer online IT Training Please contact if\xe2\x80\xa6 https://t.co/1EPnzUw8t8',b'Nageshgollamudi',b'India'
24-01-2022 10:19,b'Why Training is Important\nTraininng is required for Our Monthly Bills \n#onlinelearning \nnageshkumar001@gmail.com',b'Nageshgollamudi',b'India'
24-01-2022 08:48,b'Pick A Word that motivates your learning spirit to the maximum!\n\nSpot it and comment the word down below!\xe2\x80\xa6 https://t.co/eqwaBY7V6Z',b'TataStudi',b'India'
24-01-2022 08:25,"b'Future-proofing the workforce with digital skills of tomorrow: Exclusive virtual roundtable discussion, HR News, ET\xe2\x80\xa6 https://t.co/oJqNVW4Ok9'",b'Hemanthnaidu98',"b'Coimbatore, India'"
24-01-2022 08:02,b'This is high time when your CV (curriculum vitae) should divide in two sections..offline and online activities.  Ve\xe2\x80\xa6 https://t.co/xtq3GFfo4z',b'ShekhMoinuddi13',"b'New Delhi, India'"
24-01-2022 07:17,b'\xe2\x80\x9cLet us celebrate the occasion of International Day of Education by spreading awareness on the importance of educat\xe2\x80\xa6 https://t.co/4nTgpztseS',b'sportsindi123',"b'Pune, India'"
24-01-2022 06:56,b'Null Object Pattern in C#\nRead more: https://t.co/xQSFtaRbgu\n#programming #C #elearning #webdevelopement\xe2\x80\xa6 https://t.co/4NkDsBDxyi',b'Webners',"b'Chandigarh, India'"
24-01-2022 05:36,"b""The CEO of  @Apple, Tim Cook is a great inspiration for all \xf0\x9f\x92\xaa \n\nHere is our #Mondaymotivation for the week!\n\nWhat's\xe2\x80\xa6 https://t.co/yfFYcNAOdD""",b'edurekaIN',b'India'
24-01-2022 04:52,b'Importance of Gamification in the world of online LMS \nEvery training professional has encountered a common problem\xe2\x80\xa6 https://t.co/RGcASaLPPB',b'Prabhu_DS',"b'Narasinghpur, Odisha, India'"
24-01-2022 04:46,b'Our commitment to excellence and your dedication towards success is what makes every program fruitful and top-notch\xe2\x80\xa6 https://t.co/B0rck1WrWk',b'gcisikar',"b'Sikar, India'"
24-01-2022 04:41,"b""Keep the learning going with our innovative messaging. With Gupshup's smart chatbot assistance, this International\xe2\x80\xa6 https://t.co/rd9MXeV9lD""",b'gupshup',"b'Mumbai, India'"
24-01-2022 01:30,"b'Online music classes are ongoing, the #JoyfulPursuitofArts never stops at AES \xf0\x9f\x8e\xb6\n\nLearn more about Arts at AES:\xe2\x80\xa6 https://t.co/YhbR39b88F'",b'AESDelhi',"b'New Delhi, India'"
24-01-2022 01:13,"b'CBSE holds Term 1 minor subject exams for Class 12 | Cities News,The Indian Express\n\nhttps://t.co/kM5a2o2NpA\n\n #BYjUS  #Onlinelearning'",b'Hemanthnaidu98',"b'Coimbatore, India'"
24-01-2022 00:00,b'Top Maths Worksheets For Your Classroom &amp; Students - EdTechReview https://t.co/mjib4uRJQz #edtech #education\xe2\x80\xa6 https://t.co/jezxokvvdW',b'etr_in',b'India'
23-01-2022 17:01,b'Whatsapp -&gt; https://t.co/Rx5l3vbGJ2 (+918278311052)\nCatalog Name:*Fancy Glamorous Women Jumpsuits*\n#style #beauty\xe2\x80\xa6 https://t.co/Gvr3WhgWMn',b'vikasy1498',"b'Rewari, India'"
23-01-2022 16:48,b'You have proved it you have been partial because of the pressure on you and you did not use your own brains too bad\xe2\x80\xa6 https://t.co/o37wN88fOz',b'RukhsanaVanjara',"b'Mumbai, India'"
23-01-2022 13:06,b'This all crap will be spoken now because @rajeshtope11 you know you have taken a wrong decision and parents are not\xe2\x80\xa6 https://t.co/twuleX1W6j',b'RukhsanaVanjara',"b'Mumbai, India'"
23-01-2022 11:24,b'Isn\xe2\x80\x99t it great to be a part of something bigger? \nGood news \xe2\x80\x94 there are 9 days left to enroll in this NPTEL course.\xe2\x80\xa6 https://t.co/J4YSGlHhbp',b'nptelindia',"b'Chennai, India'"
23-01-2022 10:59,b'Importance of Gamification in the world of online LMS \nEvery training professional has encountered a common problem\xe2\x80\xa6 https://t.co/Az7pmTds6x',b'Prabhu_DS',"b'Narasinghpur, Odisha, India'"
23-01-2022 10:15,"b'Another great client review. His daughter, Prathima, trained under me in my Level-2 online program! \xe2\x9d\xa4\xef\xb8\x8f\xe2\x80\xa6 https://t.co/KgR7k4YI7n'",b'AbirK_ArtClass',b'India'
23-01-2022 10:09,"b'School of Excellence in Law team of YUCI conducted their second series of ""REVELARE\'21"" on Jan11, 2022 via Google M\xe2\x80\xa6 https://t.co/vJYJo8o5u2'",b'Yuciactivities',b'India'
23-01-2022 10:06,b'We will mot risk our childrens lives our children are not your experimental rats #onlinelearning continues #mumbai\xe2\x80\xa6 https://t.co/wQmEuRkqSH',b'RukhsanaVanjara',"b'Mumbai, India'"
23-01-2022 07:30,b'Why would you risk childrens lives #onlinelearning continues no offline classes @CMOMaharashtra  @AUThackeray\xe2\x80\xa6 https://t.co/w23dWh4QMF',b'RukhsanaVanjara',"b'Mumbai, India'"
23-01-2022 07:16,b'7 Ways Kids Benefit From Tutoring. Tutoring is a supplementary educational activity. Here\xe2\x80\x99s a look at seven notable\xe2\x80\xa6 https://t.co/CARIpKYkXU',b'kidsworldfun',"b'Kochi, India'"
23-01-2022 07:08,b'Stop risking our childrens lives @VarshaEGaikwad  @CMOMaharashtra  @AUThackeray  you will very conveniently become\xe2\x80\xa6 https://t.co/Kr0dDNHptR',b'RukhsanaVanjara',"b'Mumbai, India'"
23-01-2022 06:05,b'@rashtrapatibhvn Sir please intervene and see what is happening in #maharashtra #mumbai the worst effected city and\xe2\x80\xa6 https://t.co/OiwTVp32yV',b'RukhsanaVanjara',"b'Mumbai, India'"
23-01-2022 06:01,b'We need answer why is no one helping us we want #onlinelearning only why is the govt forcing offline they dont even\xe2\x80\xa6 https://t.co/hbz3M7PzOk',b'RukhsanaVanjara',"b'Mumbai, India'"
23-01-2022 05:47,b'@NoziaSayyed @anubha1812 @VarshaEGaikwad @rajeshtope11 Sure keep children safe #onlinelearning continues we do not\xe2\x80\xa6 https://t.co/OLUS4AK5F1',b'RukhsanaVanjara',"b'Mumbai, India'"
22-01-2022 20:38,b'Today is #CelebrationofLifeDay . Be grateful for every breath you take and appreciate the smallest things in #life.\xe2\x80\xa6 https://t.co/ajEdDhSraU',b'schoolgroup_org',b'US | Nepal | India | Worldwide'
22-01-2022 16:36,b'@map_chart makes #remotelearning less of a concern for effective learning. Ss enjoyed &amp; proactively participated in\xe2\x80\xa6 https://t.co/CK8yKAyrSA',b'Jyo_Social',"b'Hyderabad, India'"
22-01-2022 16:13,"b'#Telangana school education department instructed officials to conduct online classes for classes 8, 9 and 10\xe2\x80\xa6 https://t.co/dd2PE4V0mD'",b'sudhakarudumula',"b'Hyderabad, India'"
22-01-2022 15:23,b'#InternationalStudent #Leeds #UK #SameepKulkarni #SameepKulkarniDisciple #Music #Sitar #OnlineLearning\xe2\x80\xa6 https://t.co/54GXxPBrYT',b'sameepkulkarni',b'India'
22-01-2022 14:24,"b'Call it the woes or jokes of online classes. Alas, I am tired. Fie on #COVID19 #Chinese virus!\n#Onlineclasses\xe2\x80\xa6 https://t.co/GC4zaWJCVF'",b'vraman16',"b'Varanasi, India'"
22-01-2022 12:27,b'We just hope that this virus comes down in control soon.\n\nFull Story &gt;&gt; https://t.co/BMtDZIhRGh\n\n#kids #cycling\xe2\x80\xa6 https://t.co/Yw8q2BpmDN',b'HumansofHyd',"b'Hyderabad, India'"
22-01-2022 12:17,b'What is Going on?\nWe heard someone saying that our Meme game is not Strong \nSo here we are entering into the Meme W\xe2\x80\xa6 https://t.co/CyTaSN8Bhg',b'SkillingYou',"b'New Delhi, India'"
22-01-2022 11:48,b'Importance of Gamification in the world of online LMS \nEvery training professional has encountered a common problem\xe2\x80\xa6 https://t.co/EViSBifKQh',b'Prabhu_DS',"b'Narasinghpur, Odisha, India'"
22-01-2022 11:25,"b""5 YEARS student solve the 2x2x2 Rubik's Cube under 60 sec \xf0\x9f\xa4\x98\xf0\x9f\x94\xa5\n\nTrainer \xf0\x9f\x91\xa8\xe2\x80\x8d\xf0\x9f\x8f\xab\xf0\x9f\x99\x8b\xe2\x80\x8d\xe2\x99\x82\xef\xb8\x8f: @SriCube\n\n#rubikscube #x #rubik\xe2\x80\xa6 https://t.co/X3089tzgjt""",b'SriCube',"b'kadapa , India \xf0\x9f\x87\xae\xf0\x9f\x87\xb3 '"
22-01-2022 11:15,"b""If you haven't already heard, there are only 10 days left to enroll for NPTEL courses. Don't let this opportunity s\xe2\x80\xa6 https://t.co/xMVB1IGW49""",b'nptelindia',"b'Chennai, India'"
22-01-2022 09:29,"b""We don't let restrictions stop learning. Join our online training programs. \nStay home and stay safe.\n.\n.\n.\n.\xe2\x80\xa6 https://t.co/m8lFcvuItG""",b'NoidaDeafSoc',"b'Noida, India'"
22-01-2022 09:00,b'Top 5 Instagram Courses in Chennai with Placement Assistance\nhttps://t.co/Kp2tdlfD6k\n#Instagram #onlinelearning\xe2\x80\xa6 https://t.co/S6coac3slA',b'tweetvaibhav',b'New Delhi India'
22-01-2022 06:50,b'@FITTRwithsquats has announced a collaboration with @vedantu_learn to promote healthy and active living in children\xe2\x80\xa6 https://t.co/tVmtMWY5Sz',b'CIOAXIS',b'India'
22-01-2022 05:42,b'Meet 7-year-old K Vidya who travels few kilometres everyday to attend #OnlineClasses as there is no network in her\xe2\x80\xa6 https://t.co/cJLoeZUHvJ',b'GMGokulOfficial',"b'Kumbakonam, India'"
22-01-2022 05:41,b'Conquer academic milestones with a premium learning opportunity. Join our #LiveOnlineTuition &amp; receive expert guida\xe2\x80\xa6 https://t.co/pOWN0j6ZjW',b'TuritoLive',"b'Hyderabad, India'"
22-01-2022 05:34,b'@anubha1812 I think its time teachers and parents get together and tell the govt we wont risk lives #onlinelearning is the safest for all',b'RukhsanaVanjara',"b'Mumbai, India'"
22-01-2022 05:30,"b""\xf0\x9f\x91\x89 Here is our weekly Q&amp;A!\n\nAs Humans, we always tend to learn from our superiors. What's that one thing that you le\xe2\x80\xa6 https://t.co/P1nVGZ9YaE""",b'edurekaIN',b'India'
22-01-2022 05:26,b'Great News! \nStart your environmental learning journey with #EnvirON from 24th Jan 22.\n#LearningAndDevelopment\xe2\x80\xa6 https://t.co/40mlWnR0Fl',b'SwitchONIndia',"b'West Bengal, India'"
22-01-2022 04:50,"b""An institution like ours can provide you an obstacle-free path, but it's all in vain without our student's dedicati\xe2\x80\xa6 https://t.co/uADpSVhwzv""",b'gcisikar',"b'Sikar, India'"
22-01-2022 02:26,b'Are you looking for #highereducation services? Acadecraft is an ed-tech company passionate about collaborating with\xe2\x80\xa6 https://t.co/7abFIFwB2G',b'Acadecraft_Inc',"b'Noida, India'"
21-01-2022 22:33,b'#Infographic: Explore the benefits of AI-based #OnlineProctoring.\n\ncc: @TamaraMcCleary @antgrasso @evankirstel\xe2\x80\xa6 https://t.co/IIKzPEPsJ5',b'EnFuseSolution',"b'Mumbai, India'"
21-01-2022 17:27,"b""#FFOTD: Penguins' tuxedo look is actually a camouflage called countershading. Look it up!\n\n#penguinawarenessday\xe2\x80\xa6 https://t.co/U8qh38LXxC""",b'schoolgroup_org',b'US | Nepal | India | Worldwide'
21-01-2022 16:00,"b""The big sale is coming and you don't want to miss it\n\n- You can find great deals \n- Get prepared for the sale by ch\xe2\x80\xa6 https://t.co/spfhl4ZscS""",b'IndSkillCapital',b'India'
21-01-2022 14:20,b'COMMENT DOWN YOUR ANSWERS\n\nARE SKILLSHARE COURSES CERTIFIED?\n\n- \n#reviewbynagar\n#onlinecourses #onlinelearning\xe2\x80\xa6 https://t.co/KnR83jyvQv',b'reviewbynagar_',"b'New Delhi, India'"
21-01-2022 12:57,b'Students right now #ONLINEEXAM #onlineexamfromhomeYMCA  #onlinelearning #OnlineSemester #Students #CLOSEVTUCOLLEGES\xe2\x80\xa6 https://t.co/rJALFUkyKv',b'Thalapa31619161',"b'Tamil Nadu, India'"
21-01-2022 12:09,"b""If you are an educational institution, then you should definitely ensure your student's success with ulektz Social\xe2\x80\xa6 https://t.co/C4OroMVsCS""",b'uLektz',"b'Chennai, India'"
21-01-2022 11:22,"b'YUCI Tamil Nadu is conducting a webinar on ""How to handle relationships and focus on future goals"" on 23.01.2022 fr\xe2\x80\xa6 https://t.co/eVUZ6wtNNU'",b'Yuciactivities',b'India'
21-01-2022 10:18,b'Importance of Gamification in the world of online LMS \nEvery training professional has encountered a common problem\xe2\x80\xa6 https://t.co/24gGLB3hr3',b'Prabhu_DS',"b'Narasinghpur, Odisha, India'"
21-01-2022 09:48,"b""\xf0\x9f\x91\x89 LAST FEW SEATS LEFT\xe2\x80\xa6\nRegister on  https://t.co/pa0CKHIHy1 for 'RASNAQ 2022'.\nRegistration will CLOSE soon!!!\n:\n:\xe2\x80\xa6 https://t.co/78N5dx0USn""",b'rachnasagargrp',"b'New Delhi, India'"
29-01-2022 09:29,"b'In an all-new series Students\xe2\x80\x99 Corner, which puts special emphasis on children, EW interviews Isha Chauhan, Head Gi\xe2\x80\xa6 https://t.co/OVELeO8tZe'",b'EWPortal',b'India'
28-01-2022 04:39,"b'https://t.co/RJKjqv2u7e \n\n"" The roots of education are bitter but the fruit is sweet."" \n\n#KaroStudy\xe2\x80\xa6 https://t.co/YNy5QyNUGx'",b'rjsahni750',"b'New Delhi, India'"
28-01-2022 07:45,"b'Harbinger recently hosted a #webinar, where experts talk about \xf0\x9d\x90\xac\xf0\x9d\x90\x9c\xf0\x9d\x90\x9a\xf0\x9d\x90\xa5\xf0\x9d\x90\x9a\xf0\x9d\x90\x9b\xf0\x9d\x90\xa5\xf0\x9d\x90\x9e \xf0\x9d\x90\x9f\xf0\x9d\x90\xab\xf0\x9d\x90\x9a\xf0\x9d\x90\xa6\xf0\x9d\x90\x9e\xf0\x9d\x90\xb0\xf0\x9d\x90\xa8\xf0\x9d\x90\xab\xf0\x9d\x90\xa4 to design &amp; implement remote lear\xe2\x80\xa6 https://t.co/69LmzVNukU'",b'HarbingerLearn',"b'Pune, India'"
